,brent,er
2005-01-11,40.46,27.9549
2005-01-12,43.12,27.88
2005-01-13,43.68,27.8677
2005-01-14,45.21,27.9469
2005-01-17,45.15,27.9668
2005-01-18,45.03,28.1129
2005-01-19,45.39,28.1573
2005-01-20,44.71,28.1594
2005-01-21,44.32,28.1569
2005-01-24,45.73,28.0157
2005-01-25,46.01,27.9804
2005-01-26,46.96,28.1017
2005-01-27,46.51,28.0025
2005-01-28,46.44,28.0845
2005-01-31,44.95,28.1136
2005-02-01,45.92,27.9656
2005-02-02,44.82,27.9665
2005-02-03,44.01,28.0104
2005-02-04,43.85,27.9833
2005-02-07,43.89,28.1237
2005-02-08,43.04,28.1872
2005-02-09,43.07,28.133
2005-02-10,43.13,28.0853
2005-02-11,44.48,28.0688
2005-02-14,44.8,28.0306
2005-02-15,45.53,28.0207
2005-02-16,45.39,28.0016
2005-02-17,46.15,27.9998
2005-02-18,45.82,27.9359
2005-02-21,46.34,27.9365
2005-02-22,46.73,27.8312
2005-02-24,48.62,27.745
2005-02-25,49.44,27.7738
2005-02-28,49.61,27.7007
2005-03-01,50.06,27.7091
2005-03-02,50.11,27.699
2005-03-03,51.22,27.7245
2005-03-04,51.95,27.7518
2005-03-09,51.8,27.5562
2005-03-10,53.38,27.4637
2005-03-11,52.66,27.4629
2005-03-14,53.1,27.477
2005-03-15,53.66,27.4902
2005-03-16,53.85,27.489
2005-03-17,54.8,27.4611
2005-03-18,55.06,27.4827
2005-03-21,55.59,27.5442
2005-03-22,55.65,27.5764
2005-03-23,54.59,27.6381
2005-03-24,53.04,27.697
2005-03-29,53.93,27.8313
2005-03-30,53.03,27.8256
2005-03-31,52.09,27.8548
2005-04-01,54.29,27.8831
2005-04-04,56.51,27.8926
2005-04-05,56.23,27.9394
2005-04-06,55.44,27.8739
2005-04-07,55.27,27.8085
2005-04-08,54.04,27.8789
2005-04-11,52.89,27.7933
2005-04-12,53.21,27.765
2005-04-13,51.98,27.7907
2005-04-14,50.48,27.8291
2005-04-15,50.91,27.9031
2005-04-18,51.61,27.8222
2005-04-19,50.78,27.7543
2005-04-20,52.94,27.7241
2005-04-21,53.78,27.7074
2005-04-22,54.01,27.7304
2005-04-25,54.97,27.7463
2005-04-26,54.4,27.7586
2005-04-27,54.14,27.8055
2005-04-28,52.29,27.794
2005-04-29,52.48,27.7726
2005-05-03,51.09,27.8364
2005-05-04,50.52,27.7896
2005-05-05,50.97,27.7845
2005-05-06,51.13,27.7852
2005-05-11,50.77,27.816
2005-05-12,50.07,27.8677
2005-05-13,48.34,27.9237
2005-05-16,48.66,28.0223
2005-05-17,48.05,27.9929
2005-05-18,49.34,28.0055
2005-05-19,48.15,27.9608
2005-05-20,47.88,27.9719
2005-05-23,48.03,28.0619
2005-05-24,48.37,28.0327
2005-05-25,48.82,28.0367
2005-05-26,50.07,28.0638
2005-05-27,50.16,28.0813
2005-05-31,50.7,28.1946
2005-06-01,50.73,28.2885
2005-06-02,53.27,28.375
2005-06-03,52.4,28.3761
2005-06-06,54.17,28.429
2005-06-07,53.67,28.4133
2005-06-08,53.13,28.3766
2005-06-09,52.11,28.4457
2005-06-10,53.82,28.4671
2005-06-14,52.67,28.5658
2005-06-15,53.73,28.6237
2005-06-16,54.5,28.6024
2005-06-17,56.22,28.5841
2005-06-20,57.76,28.4765
2005-06-21,58.32,28.5497
2005-06-22,57.5,28.5528
2005-06-23,56.58,28.6193
2005-06-24,57.96,28.6787
2005-06-27,58.36,28.5802
2005-06-28,59.3,28.584
2005-06-29,57.18,28.6721
2005-06-30,56.15,28.6282
2005-07-01,55.58,28.6794
2005-07-04,57.54,28.8005
2005-07-05,57.94,28.8333
2005-07-06,58.29,28.8185
2005-07-07,59.85,28.831
2005-07-08,59.28,28.8374
2005-07-11,58.2,28.7154
2005-07-12,57.44,28.5938
2005-07-13,58.82,28.5678
2005-07-14,58.27,28.6679
2005-07-15,57.31,28.6269
2005-07-18,57.61,28.6726
2005-07-19,56.99,28.7252
2005-07-20,57.36,28.6744
2005-07-21,56.65,28.6012
2005-07-22,55.72,28.5792
2005-07-25,57.58,28.6898
2005-07-26,57.86,28.6888
2005-07-27,58.03,28.7304
2005-07-28,58.01,28.6817
2005-07-29,58.76,28.6341
2005-08-01,59.37,28.595
2005-08-02,60.44,28.5826
2005-08-03,60.62,28.604
2005-08-04,59.65,28.4854
2005-08-05,60.12,28.4171
2005-08-08,61.07,28.4355
2005-08-09,62.7,28.3791
2005-08-10,61.98,28.3931
2005-08-11,63.99,28.3788
2005-08-12,65.38,28.3122
2005-08-15,66.45,28.3815
2005-08-16,65.58,28.4161
2005-08-17,65.41,28.473
2005-08-18,62.56,28.4936
2005-08-19,62.4,28.6003
2005-08-22,64.36,28.5852
2005-08-23,64.5,28.5494
2005-08-24,64.65,28.5844
2005-08-25,66.01,28.4572
2005-08-26,66.27,28.4505
2005-08-30,64.87,28.545
2005-08-31,67.57,28.5566
2005-09-01,67.02,28.4637
2005-09-02,67.72,28.3037
2005-09-05,66.06,28.1977
2005-09-06,64.85,28.2108
2005-09-07,64.67,28.2015
2005-09-08,62.89,28.2562
2005-09-09,63.08,28.2517
2005-09-12,62.84,28.3566
2005-09-13,61.8,28.3856
2005-09-14,61.61,28.316
2005-09-15,63.37,28.3698
2005-09-16,63.16,28.3026
2005-09-19,61.81,28.4582
2005-09-20,65.61,28.4065
2005-09-21,64.2,28.3812
2005-09-22,64.73,28.3603
2005-09-23,64.6,28.432
2005-09-26,62.44,28.5463
2005-09-27,63.93,28.5678
2005-09-28,62.97,28.5366
2005-09-29,63.93,28.4989
2005-09-30,63.84,28.5348
2005-10-03,63.48,28.6132
2005-10-04,62.8,28.643
2005-10-05,61.22,28.6157
2005-10-06,60.12,28.5207
2005-10-07,58.37,28.4577
2005-10-10,59.21,28.4708
2005-10-11,58.78,28.5562
2005-10-12,60.08,28.625
2005-10-13,60.57,28.599
2005-10-14,60.14,28.5861
2005-10-17,59.35,28.5291
2005-10-18,60.57,28.614
2005-10-19,59.28,28.6715
2005-10-20,58.6,28.6219
2005-10-21,57.91,28.5666
2005-10-24,58.48,28.6248
2005-10-25,58.24,28.6087
2005-10-26,60.24,28.4633
2005-10-27,58.87,28.4793
2005-10-28,59.14,28.4244
2005-10-31,59.42,28.503
2005-11-01,58.1,28.581
2005-11-02,58.37,28.5805
2005-11-03,58.38,28.5544
2005-11-07,60.52,28.7593
2005-11-08,58.04,28.8389
2005-11-09,57.81,28.828
2005-11-10,56.88,28.8135
2005-11-11,55.68,28.879
2005-11-14,54.99,28.825
2005-11-15,54.73,28.8503
2005-11-16,54.05,28.838
2005-11-17,56.0,28.876
2005-11-18,54.85,28.8436
2005-11-21,54.88,28.7745
2005-11-22,55.34,28.8108
2005-11-23,56.41,28.7267
2005-11-24,56.21,28.741
2005-11-25,55.3,28.7896
2005-11-28,55.01,28.8698
2005-11-29,54.88,28.7312
2005-11-30,54.32,28.7792
2005-12-01,55.05,28.816
2005-12-02,56.15,28.9646
2005-12-05,57.05,28.9978
2005-12-06,57.73,28.9123
2005-12-07,57.61,28.9261
2005-12-08,56.98,28.9799
2005-12-09,58.67,28.9258
2005-12-12,57.31,28.8571
2005-12-13,59.44,28.7135
2005-12-14,59.52,28.661
2005-12-15,59.6,28.6892
2005-12-16,59.85,28.6523
2005-12-19,57.13,28.64
2005-12-20,56.11,28.6649
2005-12-21,56.17,28.7629
2005-12-22,56.72,28.84
2005-12-23,56.55,28.7799
2005-12-27,56.69,28.8177
2005-12-28,56.29,28.7472
2005-12-29,57.64,28.79
2005-12-30,58.07,28.7825
2006-01-10,58.98,28.4821
2006-01-11,61.92,28.4834
2006-01-12,62.17,28.3966
2006-01-13,62.62,28.474
2006-01-16,62.26,28.3007
2006-01-17,62.93,28.2697
2006-01-18,64.9,28.3023
2006-01-19,64.19,28.2863
2006-01-20,65.23,28.2909
2006-01-23,66.43,28.0512
2006-01-24,66.16,27.9898
2006-01-25,65.34,27.9805
2006-01-26,64.23,27.9698
2006-01-27,64.92,28.024
2006-01-30,66.24,28.1207
2006-01-31,66.59,28.1305
2006-02-01,65.99,28.1042
2006-02-02,65.03,28.1901
2006-02-03,62.88,28.1732
2006-02-06,63.39,28.2349
2006-02-07,63.33,28.2524
2006-02-08,61.56,28.2642
2006-02-09,61.06,28.2496
2006-02-10,60.75,28.2411
2006-02-13,59.64,28.2369
2006-02-14,59.38,28.1844
2006-02-15,59.52,28.1994
2006-02-16,58.15,28.2225
2006-02-17,58.79,28.2182
2006-02-20,59.89,28.1451
2006-02-21,61.54,28.1908
2006-02-22,61.6,28.1827
2006-02-27,60.44,28.1223
2006-02-28,60.99,28.1211
2006-03-01,61.76,28.0245
2006-03-02,62.45,28.0279
2006-03-03,64.07,27.9305
2006-03-06,64.18,27.881
2006-03-07,62.34,27.9945
2006-03-09,61.17,28.0
2006-03-10,61.06,28.0203
2006-03-13,60.83,28.0079
2006-03-14,62.2,27.9929
2006-03-15,63.97,27.8432
2006-03-16,62.94,27.8171
2006-03-17,62.91,27.7028
2006-03-20,63.26,27.6615
2006-03-21,61.34,27.7027
2006-03-22,62.13,27.7383
2006-03-23,61.5,27.768
2006-03-24,63.27,27.847
2006-03-27,63.51,27.773
2006-03-28,63.61,27.8019
2006-03-29,64.97,27.8043
2006-03-30,65.55,27.7626
2006-03-31,66.46,27.6996
2006-04-03,65.91,27.7737
2006-04-04,66.84,27.6921
2006-04-05,66.39,27.5602
2006-04-06,67.1,27.5332
2006-04-07,67.84,27.6077
2006-04-10,67.29,27.7085
2006-04-11,68.75,27.6797
2006-04-12,69.37,27.6625
2006-04-13,69.42,27.6985
2006-04-17,70.14,27.6336
2006-04-18,71.3,27.5675
2006-04-19,71.85,27.465
2006-04-20,72.95,27.4666
2006-04-21,72.87,27.5198
2006-04-24,74.17,27.4331
2006-04-25,73.86,27.4244
2006-04-26,72.46,27.3921
2006-04-27,72.44,27.3621
2006-04-28,71.02,27.2739
2006-05-02,72.5,27.2424
2006-05-03,74.87,27.159
2006-05-04,73.32,27.2085
2006-05-05,70.39,27.1258
2006-05-10,70.88,27.0359
2006-05-11,70.82,27.0755
2006-05-12,72.51,26.9431
2006-05-15,72.18,26.9187
2006-05-16,70.21,27.0209
2006-05-17,70.24,26.9569
2006-05-18,69.04,27.0663
2006-05-19,69.67,26.9987
2006-05-22,68.68,27.0965
2006-05-23,69.35,26.9876
2006-05-24,71.0,27.0168
2006-05-25,69.22,27.0381
2006-05-26,70.71,27.0349
2006-05-30,70.59,26.984
2006-05-31,71.05,26.9355
2006-06-01,70.41,27.0474
2006-06-02,69.39,26.8868
2006-06-05,71.03,26.7089
2006-06-06,71.37,26.7331
2006-06-07,70.81,26.8582
2006-06-08,69.19,26.8801
2006-06-09,69.05,27.0079
2006-06-13,70.48,27.0836
2006-06-14,66.92,27.0895
2006-06-15,66.98,27.0369
2006-06-16,67.43,26.9869
2006-06-19,68.8,27.0379
2006-06-20,68.11,27.045
2006-06-21,68.08,27.0163
2006-06-22,69.17,26.9738
2006-06-23,69.95,27.0491
2006-06-26,69.93,27.1021
2006-06-27,70.73,27.0334
2006-06-28,70.98,27.0611
2006-06-29,71.41,27.0789
2006-06-30,72.88,26.9423
2006-07-03,73.51,26.8735
2006-07-04,73.39,26.8397
2006-07-05,72.51,26.8559
2006-07-06,73.98,26.9111
2006-07-07,74.08,26.8781
2006-07-10,73.51,26.8558
2006-07-11,72.89,26.9125
2006-07-12,73.67,26.867
2006-07-13,74.39,26.9189
2006-07-14,76.69,26.9631
2006-07-17,77.27,26.9277
2006-07-18,75.92,27.0194
2006-07-19,74.36,27.0554
2006-07-20,73.9,26.9674
2006-07-21,73.72,26.9122
2006-07-24,73.75,26.9223
2006-07-25,74.61,26.9073
2006-07-26,73.28,26.9878
2006-07-27,74.0,26.8431
2006-07-28,75.01,26.8718
2006-07-31,73.39,26.8197
2006-08-01,75.15,26.8416
2006-08-02,75.89,26.7605
2006-08-03,76.89,26.804
2006-08-04,76.56,26.771
2006-08-07,76.17,26.6962
2006-08-08,78.3,26.7348
2006-08-09,77.55,26.7391
2006-08-10,77.28,26.6738
2006-08-11,75.28,26.793
2006-08-14,75.63,26.8189
2006-08-15,74.3,26.8337
2006-08-16,73.8,26.7804
2006-08-17,73.08,26.7225
2006-08-18,71.58,26.7364
2006-08-21,72.3,26.705
2006-08-22,73.38,26.6964
2006-08-23,73.24,26.7614
2006-08-24,72.02,26.7863
2006-08-25,72.68,26.7998
2006-08-28,72.7,26.7672
2006-08-29,70.82,26.7446
2006-08-30,69.86,26.7379
2006-08-31,70.18,26.7295
2006-09-01,70.25,26.7542
2006-09-04,69.15,26.7222
2006-09-05,67.71,26.6406
2006-09-06,68.09,26.6714
2006-09-07,66.93,26.6708
2006-09-08,66.53,26.7625
2006-09-11,65.33,26.7965
2006-09-12,64.55,26.7764
2006-09-13,62.99,26.798
2006-09-14,62.99,26.8015
2006-09-18,62.24,26.8048
2006-09-19,64.05,26.7715
2006-09-20,62.17,26.7974
2006-09-21,60.47,26.7674
2006-09-22,61.34,26.6712
2006-09-25,60.41,26.6665
2006-09-26,60.8,26.7263
2006-09-27,60.12,26.7944
2006-09-28,62.21,26.7498
2006-09-29,62.54,26.7799
2006-10-02,62.48,26.7948
2006-10-03,60.45,26.7335
2006-10-04,58.43,26.7671
2006-10-05,59.22,26.7803
2006-10-06,60.0,26.8102
2006-10-09,59.83,26.8919
2006-10-10,60.54,26.889
2006-10-11,59.34,26.9537
2006-10-12,58.65,26.9508
2006-10-13,58.76,26.9314
2006-10-16,59.52,26.969
2006-10-18,59.96,26.9288
2006-10-19,59.58,26.9351
2006-10-20,60.87,26.851
2006-10-23,59.68,26.8804
2006-10-24,59.21,26.9307
2006-10-25,59.86,26.9025
2006-10-26,62.05,26.8305
2006-10-27,60.77,26.7884
2006-10-30,61.08,26.7477
2006-10-31,58.68,26.7811
2006-11-01,59.03,26.7285
2006-11-02,58.98,26.7277
2006-11-03,57.87,26.7007
2006-11-07,59.15,26.7218
2006-11-08,58.48,26.7044
2006-11-09,59.59,26.6982
2006-11-10,61.32,26.6195
2006-11-13,59.71,26.6194
2006-11-14,59.05,26.6509
2006-11-15,58.84,26.6548
2006-11-17,59.46,26.6888
2006-11-20,58.99,26.6402
2006-11-21,58.98,26.6548
2006-11-22,60.39,26.6122
2006-11-23,59.49,26.556
2006-11-24,59.35,26.5199
2006-11-27,60.03,26.3666
2006-11-28,60.44,26.3503
2006-11-29,61.21,26.3147
2006-11-30,63.07,26.3081
2006-12-01,64.26,26.2465
2006-12-04,64.62,26.2056
2006-12-05,63.45,26.184
2006-12-06,63.32,26.1883
2006-12-07,63.07,26.1917
2006-12-08,62.57,26.2356
2006-12-11,62.2,26.2977
2006-12-12,61.84,26.2609
2006-12-13,61.52,26.2332
2006-12-14,61.33,26.2645
2006-12-18,62.12,26.3884
2006-12-19,62.13,26.383
2006-12-20,62.81,26.2759
2006-12-21,63.23,26.2928
2006-12-22,62.46,26.2941
2006-12-26,62.42,26.36
2006-12-27,61.1,26.3365
2006-12-28,60.52,26.3789
2006-12-29,60.67,26.3311
2007-01-09,60.86,26.4465
2007-01-10,55.18,26.4898
2007-01-11,53.69,26.532
2007-01-12,51.7,26.577
2007-01-15,52.95,26.5645
2007-01-16,53.12,26.5481
2007-01-18,52.26,26.5343
2007-01-19,51.75,26.5075
2007-01-22,53.44,26.5214
2007-01-23,52.7,26.524
2007-01-24,55.1,26.4879
2007-01-25,55.43,26.5018
2007-01-26,54.12,26.5575
2007-01-29,55.29,26.5747
2007-01-30,53.68,26.5331
2007-01-31,56.39,26.5484
2007-02-01,57.4,26.4882
2007-02-02,56.72,26.48
2007-02-05,58.41,26.5288
2007-02-06,58.1,26.5543
2007-02-07,58.42,26.504
2007-02-08,57.23,26.3945
2007-02-09,59.03,26.3473
2007-02-12,59.01,26.3414
2007-02-13,56.6,26.3759
2007-02-15,57.03,26.2314
2007-02-16,57.6,26.2358
2007-02-19,58.95,26.2131
2007-02-20,58.14,26.1964
2007-02-21,57.98,26.1967
2007-02-22,59.35,26.2474
2007-02-26,60.62,26.173
2007-02-27,61.33,26.1599
2007-02-28,61.36,26.1481
2007-03-01,61.89,26.1366
2007-03-02,62.11,26.174
2007-03-05,62.08,26.2147
2007-03-06,60.54,26.2432
2007-03-07,61.39,26.2352
2007-03-09,62.5,26.2086
2007-03-12,61.13,26.2278
2007-03-13,60.74,26.1873
2007-03-14,60.9,26.1491
2007-03-15,61.06,26.13
2007-03-19,60.98,26.0419
2007-03-20,60.52,26.0414
2007-03-21,60.2,26.0335
2007-03-22,60.77,25.9709
2007-03-23,62.51,26.0109
2007-03-26,63.18,26.077
2007-03-27,64.41,26.018
2007-03-28,64.6,25.9956
2007-03-29,65.78,26.0204
2007-03-30,67.88,26.0113
2007-04-02,68.1,25.9947
2007-04-03,68.74,25.9839
2007-04-04,67.81,26.0094
2007-04-05,68.4,25.9871
2007-04-09,68.24,25.9846
2007-04-10,66.59,25.921
2007-04-11,67.42,25.9181
2007-04-12,67.84,25.8647
2007-04-13,68.72,25.8286
2007-04-17,68.97,25.7994
2007-04-18,65.93,25.7469
2007-04-19,66.04,25.7657
2007-04-20,65.94,25.724
2007-04-23,66.49,25.7617
2007-04-24,68.15,25.776
2007-04-25,67.16,25.6948
2007-04-26,68.57,25.6934
2007-04-27,67.65,25.7446
2007-05-02,68.41,25.7564
2007-05-03,66.25,25.7288
2007-05-04,66.05,25.7691
2007-05-07,65.31,25.7351
2007-05-08,64.44,25.7334
2007-05-10,65.54,25.7771
2007-05-11,65.79,25.8594
2007-05-14,66.83,25.8067
2007-05-15,66.83,25.7927
2007-05-16,68.11,25.7376
2007-05-18,68.01,25.8492
2007-05-21,69.42,25.8388
2007-05-22,70.49,25.8831
2007-05-23,69.52,25.8964
2007-05-24,70.6,25.9002
2007-05-25,70.72,25.9152
2007-05-28,70.69,25.8884
2007-05-29,69.71,25.9029
2007-05-30,68.13,25.9031
2007-05-31,67.84,25.9043
2007-06-01,68.04,25.8983
2007-06-04,69.07,25.8928
2007-06-05,70.4,25.8493
2007-06-06,70.45,25.818
2007-06-07,71.02,25.8428
2007-06-08,71.22,25.9247
2007-06-13,68.6,26.042
2007-06-14,69.94,26.0465
2007-06-15,70.96,26.0323
2007-06-18,71.47,25.9558
2007-06-19,72.18,25.9268
2007-06-20,71.84,25.9372
2007-06-21,70.42,25.9692
2007-06-22,70.22,25.9356
2007-06-25,71.18,25.901
2007-06-26,71.36,25.7781
2007-06-27,70.17,25.8468
2007-06-28,70.53,25.7965
2007-06-29,70.52,25.8162
2007-07-02,71.41,25.7288
2007-07-03,72.63,25.6574
2007-07-04,72.93,25.6629
2007-07-05,73.05,25.6742
2007-07-06,74.75,25.7305
2007-07-09,75.62,25.7016
2007-07-10,75.78,25.6586
2007-07-11,76.4,25.5363
2007-07-12,75.44,25.5167
2007-07-13,76.4,25.4936
2007-07-16,77.57,25.4728
2007-07-18,77.33,25.4401
2007-07-19,76.76,25.4216
2007-07-20,77.67,25.4144
2007-07-23,77.64,25.3853
2007-07-24,76.86,25.3964
2007-07-25,75.08,25.4132
2007-07-26,76.32,25.4989
2007-07-27,75.18,25.4963
2007-07-30,76.26,25.5999
2007-07-31,75.74,25.5448
2007-08-01,77.05,25.6008
2007-08-02,75.35,25.5945
2007-08-03,75.76,25.5554
2007-08-06,74.75,25.452
2007-08-07,71.17,25.4702
2007-08-08,71.8,25.4837
2007-08-09,70.99,25.3444
2007-08-10,70.21,25.507
2007-08-13,70.39,25.4661
2007-08-14,70.23,25.5319
2007-08-15,70.51,25.6367
2007-08-16,71.64,25.7379
2007-08-20,69.42,25.7408
2007-08-21,69.85,25.8429
2007-08-22,68.69,25.8405
2007-08-23,68.7,25.7105
2007-08-24,69.86,25.7609
2007-08-27,70.62,25.6544
2007-08-28,70.95,25.6753
2007-08-29,70.55,25.763
2007-08-30,72.13,25.6494
2007-08-31,71.9,25.6262
2007-09-03,72.69,25.5896
2007-09-04,73.41,25.5982
2007-09-05,73.92,25.6997
2007-09-06,74.34,25.6639
2007-09-07,74.77,25.6618
2007-09-10,75.07,25.5708
2007-09-11,75.48,25.5154
2007-09-12,76.38,25.4056
2007-09-13,77.68,25.3679
2007-09-14,77.4,25.3422
2007-09-17,76.22,25.3286
2007-09-18,76.98,25.3547
2007-09-19,77.59,25.1867
2007-09-20,78.47,25.1258
2007-09-21,79.09,25.054
2007-09-24,79.3,25.0062
2007-09-25,78.91,25.0315
2007-09-26,77.62,24.9755
2007-09-27,77.43,24.9619
2007-09-28,80.03,24.9493
2007-10-01,79.17,24.8784
2007-10-02,77.64,24.9093
2007-10-03,77.38,24.9297
2007-10-04,77.19,25.0111
2007-10-05,78.97,24.9814
2007-10-08,78.9,24.98
2007-10-09,76.58,25.0597
2007-10-10,77.49,24.9842
2007-10-11,78.6,24.9199
2007-10-12,80.15,24.9216
2007-10-15,80.55,24.923
2007-10-16,82.75,24.9012
2007-10-17,84.16,24.9275
2007-10-18,84.16,24.8749
2007-10-19,84.6,24.8494
2007-10-22,83.79,24.8066
2007-10-23,83.27,24.9225
2007-10-24,82.85,24.8912
2007-10-25,84.37,24.8508
2007-10-26,87.48,24.7722
2007-10-29,88.69,24.6983
2007-10-30,90.32,24.7238
2007-10-31,87.44,24.6724
2007-11-01,90.63,24.6847
2007-11-02,89.72,24.6674
2007-11-06,92.08,24.6232
2007-11-07,93.26,24.5123
2007-11-08,93.24,24.483
2007-11-09,92.79,24.4458
2007-11-12,93.18,24.4946
2007-11-13,91.98,24.5286
2007-11-14,88.83,24.4917
2007-11-15,91.36,24.462
2007-11-19,90.94,24.4975
2007-11-20,92.28,24.4328
2007-11-21,95.49,24.3391
2007-11-22,94.84,24.3174
2007-11-23,94.5,24.2649
2007-11-26,95.76,24.3104
2007-11-27,95.32,24.3111
2007-11-28,92.52,24.3622
2007-11-29,89.81,24.3506
2007-11-30,90.22,24.4171
2007-12-03,88.26,24.456
2007-12-04,89.8,24.4733
2007-12-05,89.53,24.4236
2007-12-06,88.49,24.5506
2007-12-07,90.18,24.5295
2007-12-10,88.64,24.488
2007-12-11,88.04,24.4174
2007-12-12,89.99,24.4432
2007-12-13,94.02,24.4286
2007-12-14,92.12,24.5092
2007-12-18,92.67,24.7236
2007-12-19,90.12,24.7281
2007-12-20,91.48,24.7529
2007-12-21,90.88,24.7235
2007-12-24,92.46,24.7307
2007-12-26,92.7,24.7019
2007-12-27,93.94,24.6387
2007-12-28,94.78,24.5398
2008-01-09,93.88,24.4387
2008-01-10,94.37,24.4796
2008-01-11,92.22,24.3671
2008-01-14,91.07,24.2913
2008-01-15,92.92,24.2858
2008-01-16,90.98,24.3367
2008-01-18,89.75,24.5076
2008-01-21,89.23,24.6456
2008-01-22,87.51,24.8917
2008-01-23,88.45,24.6325
2008-01-24,86.62,24.6349
2008-01-25,89.07,24.4386
2008-01-28,90.9,24.5952
2008-01-29,91.38,24.475
2008-01-30,92.0,24.4764
2008-01-31,92.53,24.4262
2008-02-01,92.21,24.4201
2008-02-04,89.44,24.4543
2008-02-05,90.47,24.5211
2008-02-06,88.82,24.6706
2008-02-07,87.78,24.6466
2008-02-08,88.51,24.7813
2008-02-11,91.94,24.6715
2008-02-12,93.53,24.6537
2008-02-13,92.86,24.6655
2008-02-14,93.32,24.6392
2008-02-18,95.09,24.5767
2008-02-19,94.91,24.5206
2008-02-20,98.56,24.5486
2008-02-21,98.42,24.5299
2008-02-22,96.24,24.4663
2008-02-26,97.01,24.4558
2008-02-27,99.47,24.1966
2008-02-28,98.27,24.1159
2008-02-29,100.9,24.0023
2008-03-03,100.1,24.0103
2008-03-04,100.48,24.048
2008-03-05,97.52,24.0473
2008-03-06,101.64,23.9349
2008-03-07,102.61,23.8353
2008-03-11,102.38,23.8587
2008-03-12,105.25,23.8461
2008-03-13,106.27,23.6924
2008-03-14,107.54,23.649
2008-03-18,107.55,23.5325
2008-03-19,105.56,23.5581
2008-03-20,100.72,23.6781
2008-03-24,100.38,23.8351
2008-03-25,99.86,23.701
2008-03-26,100.6,23.6559
2008-03-27,103.99,23.5171
2008-03-28,105.0,23.5156
2008-03-31,103.77,23.5027
2008-04-01,100.3,23.5799
2008-04-02,100.17,23.6706
2008-04-03,103.75,23.6153
2008-04-04,102.52,23.5982
2008-04-07,104.9,23.6028
2008-04-08,107.14,23.533
2008-04-09,106.34,23.5437
2008-04-10,108.47,23.4628
2008-04-11,108.2,23.4825
2008-04-14,108.75,23.5139
2008-04-15,109.84,23.4549
2008-04-17,111.31,23.3703
2008-04-18,112.43,23.3696
2008-04-21,113.92,23.4704
2008-04-22,114.43,23.4299
2008-04-23,115.95,23.3448
2008-04-24,116.46,23.4391
2008-04-25,114.34,23.6007
2008-04-28,116.34,23.6037
2008-04-29,116.74,23.6471
2008-04-30,113.43,23.6588
2008-05-05,111.36,23.7633
2008-05-06,117.99,23.7456
2008-05-07,120.31,23.7523
2008-05-08,122.32,23.8833
2008-05-12,122.84,23.8328
2008-05-13,122.91,23.7199
2008-05-14,124.1,23.8521
2008-05-15,121.86,23.8482
2008-05-19,121.25,23.7238
2008-05-20,125.06,23.7462
2008-05-21,127.84,23.6874
2008-05-22,132.7,23.5758
2008-05-23,130.51,23.6007
2008-05-26,131.57,23.5483
2008-05-27,132.37,23.5513
2008-05-28,128.31,23.5847
2008-05-29,130.93,23.6659
2008-05-30,126.89,23.7384
2008-06-02,127.78,23.7473
2008-06-03,128.02,23.6968
2008-06-04,124.58,23.8019
2008-06-05,122.1,23.8116
2008-06-06,127.54,23.6809
2008-06-09,137.69,23.521
2008-06-10,133.91,23.6109
2008-06-11,131.02,23.6748
2008-06-17,135.02,23.6402
2008-06-18,133.72,23.6586
2008-06-19,136.44,23.5979
2008-06-20,132.0,23.6288
2008-06-23,134.86,23.5908
2008-06-24,135.91,23.6223
2008-06-25,136.46,23.6113
2008-06-26,134.33,23.5245
2008-06-27,139.83,23.4573
2008-06-30,140.31,23.4068
2008-07-01,139.83,23.4689
2008-07-02,140.67,23.4147
2008-07-03,144.26,23.3759
2008-07-04,146.08,23.5125
2008-07-07,144.42,23.5589
2008-07-08,141.87,23.5024
2008-07-09,136.43,23.4147
2008-07-10,136.58,23.4363
2008-07-11,142.03,23.3727
2008-07-14,144.49,23.23
2008-07-15,143.92,23.1255
2008-07-16,138.75,23.1638
2008-07-18,136.19,23.1937
2008-07-21,130.19,23.212
2008-07-22,132.61,23.196
2008-07-23,129.55,23.322
2008-07-24,125.29,23.3782
2008-07-25,126.44,23.3572
2008-07-28,124.52,23.361
2008-07-29,125.84,23.3278
2008-07-30,122.71,23.4456
2008-07-31,127.1,23.4186
2008-08-01,123.98,23.4697
2008-08-04,124.18,23.4039
2008-08-05,120.68,23.4354
2008-08-06,117.7,23.5142
2008-08-07,117.0,23.5816
2008-08-08,117.86,23.8782
2008-08-11,113.33,24.5697
2008-08-12,112.67,24.3424
2008-08-13,111.15,24.1559
2008-08-14,113.47,24.2901
2008-08-18,112.64,24.4898
2008-08-19,111.94,24.5703
2008-08-20,113.25,24.4316
2008-08-21,114.36,24.3013
2008-08-22,120.16,24.2699
2008-08-25,113.92,24.4389
2008-08-26,114.03,24.5803
2008-08-27,114.63,24.6019
2008-08-28,116.22,24.5474
2008-08-29,114.17,24.5769
2008-09-01,114.05,24.667
2008-09-02,109.41,24.7184
2008-09-03,108.34,24.8739
2008-09-04,108.06,25.2144
2008-09-05,106.3,25.4552
2008-09-08,104.09,25.2626
2008-09-09,103.44,25.5814
2008-09-10,100.34,25.5761
2008-09-11,98.97,25.7842
2008-09-12,97.64,25.7013
2008-09-15,97.58,25.3938
2008-09-17,92.38,25.5245
2008-09-18,94.84,25.4307
2008-09-19,95.19,25.4863
2008-09-22,99.61,25.269
2008-09-23,106.04,24.9864
2008-09-24,103.08,25.0703
2008-09-25,102.45,24.8982
2008-09-26,104.6,25.0221
2008-09-29,103.54,25.2464
2008-09-30,93.98,25.3718
2008-10-01,98.17,25.6023
2008-10-02,95.33,25.8213
2008-10-03,90.56,25.8993
2008-10-06,90.25,26.1784
2008-10-07,83.68,26.1791
2008-10-08,84.66,26.1629
2008-10-09,84.36,26.0695
2008-10-10,82.66,26.208
2008-10-13,74.09,26.1111
2008-10-14,77.46,26.0871
2008-10-15,74.53,26.1347
2008-10-16,70.8,26.3691
2008-10-20,66.32,26.0561
2008-10-21,72.03,26.4417
2008-10-22,69.72,26.9215
2008-10-23,64.52,26.9793
2008-10-24,65.92,27.0596
2008-10-27,62.05,27.3507
2008-10-28,61.41,27.3018
2008-10-29,60.29,27.0979
2008-10-30,65.47,26.543
2008-10-31,63.71,27.0981
2008-11-05,65.32,26.9146
2008-11-06,61.87,26.9114
2008-11-07,57.43,27.0041
2008-11-10,57.35,26.9639
2008-11-11,59.08,27.3399
2008-11-12,55.71,27.4704
2008-11-13,52.37,27.6704
2008-11-17,51.99,27.4374
2008-11-18,52.31,27.4301
2008-11-19,51.84,27.4413
2008-11-20,51.72,27.5715
2008-11-21,48.08,27.5665
2008-11-24,49.19,27.6613
2008-11-25,53.93,27.3913
2008-11-26,50.35,27.3563
2008-11-27,53.92,27.4216
2008-11-28,53.13,27.606
2008-12-01,53.49,27.9409
2008-12-02,47.97,28.0166
2008-12-03,45.44,27.9212
2008-12-04,45.44,27.9576
2008-12-05,42.28,28.0916
2008-12-08,39.74,28.0043
2008-12-09,43.42,28.0029
2008-12-10,41.53,27.8671
2008-12-11,42.4,27.931
2008-12-12,47.39,27.8077
2008-12-15,46.41,27.816
2008-12-16,44.6,27.6009
2008-12-18,44.56,27.6095
2008-12-19,43.36,27.7351
2008-12-22,44.0,28.2682
2008-12-23,41.45,28.3359
2008-12-24,40.36,28.6119
2008-12-26,36.61,29.0058
2008-12-29,38.37,29.23
2008-12-30,40.55,29.3804
2008-12-31,40.15,29.3916
2009-01-12,45.59,30.9981
2009-01-13,42.91,31.2226
2009-01-14,44.83,31.5616
2009-01-15,45.08,32.2135
2009-01-19,44.69,32.9085
2009-01-20,44.5,33.4154
2009-01-21,43.62,32.643
2009-01-22,45.02,32.7991
2009-01-23,45.39,32.8926
2009-01-26,48.37,32.9018
2009-01-27,46.96,32.9979
2009-01-28,43.73,33.2155
2009-01-29,44.9,34.6847
2009-01-30,45.4,35.4146
2009-02-02,45.88,36.1767
2009-02-03,43.82,36.129
2009-02-04,44.08,36.0135
2009-02-05,44.15,36.3095
2009-02-06,46.46,36.3798
2009-02-09,46.21,36.1258
2009-02-10,46.02,35.9285
2009-02-11,44.61,35.8323
2009-02-12,44.28,34.8003
2009-02-16,44.65,34.7797
2009-02-17,43.28,35.6345
2009-02-18,41.03,36.4267
2009-02-19,39.55,36.091
2009-02-20,41.99,36.076
2009-02-24,41.89,36.0254
2009-02-25,42.5,35.7442
2009-02-26,44.29,35.7223
2009-02-27,46.51,35.7205
2009-03-02,46.35,36.1644
2009-03-03,42.21,36.2054
2009-03-04,43.7,36.2284
2009-03-05,46.12,35.8899
2009-03-06,43.64,35.7374
2009-03-10,44.85,35.4534
2009-03-11,43.96,35.1164
2009-03-12,41.4,35.2944
2009-03-13,45.09,34.8316
2009-03-16,44.93,34.8388
2009-03-18,43.98,34.4203
2009-03-19,47.66,33.8222
2009-03-20,50.67,33.423
2009-03-23,51.22,33.3034
2009-03-24,53.47,33.2726
2009-03-25,53.5,33.7268
2009-03-26,51.75,33.4668
2009-03-27,53.46,33.4133
2009-03-30,51.98,34.0134
2009-03-31,47.99,33.9032
2009-04-01,49.23,33.9456
2009-04-02,48.44,33.7636
2009-04-03,52.75,33.4095
2009-04-06,53.47,33.1743
2009-04-07,52.24,33.384
2009-04-08,51.22,33.7781
2009-04-09,51.59,33.5334
2009-04-13,54.06,33.4863
2009-04-14,52.14,33.3887
2009-04-15,51.96,33.4507
2009-04-17,51.79,33.4677
2009-04-20,53.35,33.5371
2009-04-21,49.86,34.1043
2009-04-22,49.82,34.0597
2009-04-23,49.81,33.7848
2009-04-24,50.11,33.4187
2009-04-27,51.67,33.3904
2009-04-28,50.32,33.5533
2009-04-29,49.99,33.2491
2009-04-30,50.78,32.974
2009-05-04,50.8,32.9672
2009-05-05,54.58,32.8146
2009-05-06,54.12,32.8883
2009-05-07,56.15,32.7915
2009-05-08,56.47,32.5534
2009-05-12,58.14,32.2817
2009-05-13,57.94,31.9841
2009-05-14,57.34,32.1677
2009-05-18,56.69,32.2919
2009-05-19,58.47,31.9498
2009-05-20,58.92,31.8009
2009-05-21,60.59,31.4586
2009-05-22,59.93,31.1998
2009-05-25,60.78,31.0516
2009-05-26,60.21,31.1465
2009-05-27,61.24,31.1846
2009-05-28,62.5,31.3259
2009-05-29,64.39,30.9843
2009-06-01,65.52,30.7441
2009-06-02,67.97,30.7321
2009-06-03,68.17,30.5131
2009-06-04,65.88,30.8767
2009-06-05,68.71,30.6919
2009-06-08,68.34,31.0751
2009-06-09,67.88,31.2637
2009-06-10,69.62,30.9277
2009-06-11,70.8,30.9124
2009-06-15,71.79,31.1548
2009-06-17,69.44,31.1297
2009-06-18,70.85,31.0998
2009-06-19,71.06,31.1541
2009-06-22,69.19,31.2408
2009-06-23,66.98,31.5765
2009-06-24,68.8,31.1365
2009-06-25,68.33,31.2037
2009-06-26,69.78,31.1184
2009-06-29,68.92,31.2904
2009-06-30,70.99,31.0385
2009-07-01,69.3,31.1904
2009-07-02,68.79,31.1252
2009-07-03,66.65,31.2481
2009-07-06,65.61,31.4143
2009-07-07,64.05,31.4695
2009-07-08,63.23,31.7819
2009-07-09,60.43,31.8878
2009-07-10,61.1,32.0353
2009-07-13,60.52,33.0597
2009-07-14,60.69,32.5072
2009-07-15,60.86,32.047
2009-07-16,63.09,31.6943
2009-07-20,62.75,31.3733
2009-07-21,66.44,31.1791
2009-07-22,66.87,31.0785
2009-07-23,67.21,31.076
2009-07-24,69.25,31.1372
2009-07-27,70.32,30.7457
2009-07-28,70.81,30.6431
2009-07-29,69.88,31.4162
2009-07-30,66.53,31.7555
2009-07-31,70.11,31.1533
2009-08-03,71.7,31.2424
2009-08-04,73.55,31.0484
2009-08-05,74.28,31.1326
2009-08-06,75.51,31.1814
2009-08-07,74.83,31.5473
2009-08-10,73.59,31.6503
2009-08-11,73.5,31.7477
2009-08-12,72.46,32.6926
2009-08-13,72.89,32.1457
2009-08-14,73.48,31.7226
2009-08-18,72.41,31.9187
2009-08-19,72.37,31.9191
2009-08-20,74.59,31.6011
2009-08-21,73.33,31.9443
2009-08-24,74.19,31.5544
2009-08-25,74.26,31.5437
2009-08-26,71.82,31.4007
2009-08-27,71.65,31.6405
2009-08-28,72.51,31.5687
2009-08-31,72.79,31.8397
2009-09-01,69.65,31.7743
2009-09-02,67.73,31.973
2009-09-03,67.66,31.7679
2009-09-04,67.12,31.6062
2009-09-07,66.82,31.4298
2009-09-08,66.53,31.3754
2009-09-09,69.42,31.1452
2009-09-10,69.83,30.8851
2009-09-11,69.86,30.7246
2009-09-14,67.69,30.8617
2009-09-15,67.44,30.9895
2009-09-17,67.35,30.3881
2009-09-18,71.55,30.3744
2009-09-21,71.32,30.3711
2009-09-22,68.69,30.2385
2009-09-23,70.53,30.0004
2009-09-24,67.99,30.0678
2009-09-25,64.82,30.137
2009-09-28,65.11,30.1985
2009-09-29,65.54,30.0922
2009-09-30,65.49,30.0087
2009-10-01,69.07,30.0621
2009-10-02,69.19,30.124
2009-10-05,68.07,30.0785
2009-10-06,68.04,29.8322
2009-10-07,68.56,29.7819
2009-10-08,67.2,29.6396
2009-10-09,69.77,29.609
2009-10-12,70.0,29.5945
2009-10-13,71.36,29.5043
2009-10-14,72.4,29.4651
2009-10-15,73.1,29.3206
2009-10-19,74.45,29.3553
2009-10-20,77.77,29.1911
2009-10-21,77.24,29.1641
2009-10-22,79.69,29.0858
2009-10-23,79.51,29.0003
2009-10-26,78.92,28.9403
2009-10-27,77.26,29.0184
2009-10-28,77.92,29.1749
2009-10-29,75.86,29.3441
2009-10-30,78.04,29.0488
2009-11-02,75.2,29.1944
2009-11-03,76.55,29.2337
2009-11-05,78.11,29.133
2009-11-06,77.99,29.0156
2009-11-09,75.87,28.8497
2009-11-10,77.77,28.7391
2009-11-11,77.5,28.7007
2009-11-12,77.95,28.6701
2009-11-13,76.02,28.8345
2009-11-17,75.55,28.6768
2009-11-18,78.97,28.7163
2009-11-19,79.47,28.7459
2009-11-20,77.64,28.8554
2009-11-23,77.2,28.7986
2009-11-24,77.46,28.8481
2009-11-25,76.46,28.7909
2009-11-26,78.44,28.8751
2009-11-27,76.99,29.8179
2009-11-30,77.18,29.0687
2009-12-01,78.47,29.1771
2009-12-02,79.35,29.056
2009-12-03,77.88,29.2427
2009-12-04,78.36,29.1979
2009-12-07,77.52,29.5221
2009-12-08,76.43,30.1839
2009-12-09,75.19,30.7562
2009-12-10,72.39,30.6268
2009-12-11,71.86,30.2107
2009-12-14,71.88,30.0481
2009-12-15,71.89,30.0678
2009-12-16,72.05,30.1978
2009-12-18,73.55,30.7187
2009-12-21,73.75,30.5529
2009-12-22,72.99,30.4439
2009-12-23,73.46,30.5007
2009-12-24,75.45,29.9292
2009-12-28,76.31,29.5952
2009-12-29,77.32,29.8491
2009-12-30,77.64,30.2442
2009-12-31,78.03,30.1851
2010-01-11,77.93,29.4283
2010-01-12,80.97,29.3774
2010-01-13,79.3,29.6409
2010-01-14,78.31,29.4299
2010-01-18,77.82,29.5963
2010-01-19,77.1,29.5184
2010-01-20,77.63,29.6941
2010-01-21,76.32,29.7486
2010-01-22,74.58,29.7458
2010-01-25,72.83,30.0946
2010-01-26,73.69,30.3136
2010-01-27,73.29,30.2921
2010-01-28,72.24,30.3631
2010-01-29,72.13,30.4312
2010-02-01,71.46,30.3996
2010-02-02,73.11,30.183
2010-02-03,76.06,29.8779
2010-02-04,75.92,30.0054
2010-02-05,72.13,30.4666
2010-02-08,69.59,30.5158
2010-02-09,70.11,30.3735
2010-02-10,72.13,30.2462
2010-02-11,72.54,30.1245
2010-02-15,73.05,30.2207
2010-02-16,72.51,30.1176
2010-02-17,75.68,29.9761
2010-02-18,76.27,30.1138
2010-02-19,77.78,30.151
2010-02-24,78.19,30.0309
2010-02-25,78.09,30.0521
2010-02-26,76.29,30.0388
2010-03-01,77.59,29.93
2010-03-02,76.89,29.9779
2010-03-03,78.18,29.814
2010-03-04,79.25,29.8217
2010-03-05,78.54,29.8366
2010-03-09,79.89,29.7499
2010-03-10,79.91,29.7249
2010-03-11,80.48,29.5195
2010-03-12,80.28,29.3897
2010-03-15,79.39,29.3353
2010-03-16,77.89,29.4242
2010-03-18,79.02,29.2223
2010-03-19,81.48,29.2565
2010-03-22,79.88,29.3389
2010-03-23,80.54,29.4707
2010-03-24,80.7,29.5764
2010-03-25,79.62,29.6572
2010-03-26,79.61,29.5142
2010-03-29,79.29,29.6309
2010-03-30,81.17,29.3638
2010-03-31,81.28,29.4956
2010-04-01,82.7,29.4394
2010-04-05,84.01,29.2097
2010-04-06,85.88,29.2416
2010-04-07,86.15,29.294
2010-04-08,85.59,29.4003
2010-04-09,84.81,29.3232
2010-04-12,84.83,28.9428
2010-04-13,84.77,29.0294
2010-04-14,84.72,29.0444
2010-04-15,86.15,28.931
2010-04-19,87.17,29.1969
2010-04-20,84.23,29.1381
2010-04-21,84.8,29.0906
2010-04-22,85.7,29.1288
2010-04-23,85.67,29.2743
2010-04-26,87.25,29.0882
2010-04-27,86.83,29.0623
2010-04-28,85.78,29.3801
2010-04-29,86.16,29.2886
2010-04-30,86.9,29.1537
2010-05-04,87.44,29.2982
2010-05-05,85.67,29.6812
2010-05-06,82.61,30.2971
2010-05-07,79.83,30.7193
2010-05-11,78.27,30.3609
2010-05-12,80.49,30.2048
2010-05-13,81.2,29.8597
2010-05-14,80.11,30.0575
2010-05-18,77.18,30.3946
2010-05-19,74.43,30.6953
2010-05-20,73.69,30.7523
2010-05-21,71.84,31.0576
2010-05-24,71.68,30.8754
2010-05-25,71.17,31.4293
2010-05-26,69.55,31.3538
2010-05-27,71.74,30.8786
2010-05-28,74.66,30.4956
2010-05-31,74.02,30.74
2010-06-01,74.65,31.0702
2010-06-02,72.71,31.19
2010-06-03,73.75,30.8938
2010-06-04,75.41,31.0685
2010-06-07,72.09,31.7798
2010-06-08,72.12,31.62
2010-06-09,72.3,31.7302
2010-06-10,74.27,31.5742
2010-06-11,75.29,31.4471
2010-06-15,74.35,31.4595
2010-06-17,76.2,31.1854
2010-06-18,78.68,30.884
2010-06-21,78.22,30.7267
2010-06-22,78.82,30.896
2010-06-23,78.04,30.9694
2010-06-24,76.27,31.0149
2010-06-25,76.47,31.0761
2010-06-28,78.12,30.9833
2010-06-29,77.59,31.1954
2010-06-30,75.44,31.2554
2010-07-01,75.01,31.3703
2010-07-02,72.34,31.1942
2010-07-05,71.65,31.1124
2010-07-06,71.47,31.1124
2010-07-07,71.45,31.0922
2010-07-08,73.51,30.9479
2010-07-09,74.71,30.7953
2010-07-12,75.42,30.8823
2010-07-13,74.37,30.8543
2010-07-14,76.65,30.539
2010-07-15,76.77,30.5619
2010-07-19,76.19,30.5739
2010-07-20,75.62,30.4058
2010-07-21,76.22,30.4059
2010-07-22,75.37,30.5205
2010-07-23,77.82,30.3839
2010-07-26,77.45,30.3006
2010-07-27,77.5,30.2391
2010-07-28,76.13,30.2066
2010-07-29,76.06,30.2173
2010-07-30,77.59,30.1869
2010-08-02,78.18,30.1861
2010-08-03,80.82,29.9681
2010-08-04,82.68,29.7958
2010-08-05,82.2,29.8633
2010-08-06,81.61,29.8312
2010-08-09,80.16,29.8186
2010-08-10,80.99,30.0239
2010-08-11,79.6,30.205
2010-08-12,77.64,30.4493
2010-08-13,75.52,30.4199
2010-08-16,75.11,30.5199
2010-08-18,74.85,30.4257
2010-08-19,76.47,30.4636
2010-08-20,75.3,30.5099
2010-08-23,74.26,30.6041
2010-08-24,73.62,30.7559
2010-08-25,72.38,30.8958
2010-08-26,73.48,30.8227
2010-08-27,75.02,30.6969
2010-08-30,76.65,30.664
2010-08-31,76.6,30.8669
2010-09-01,74.64,30.8001
2010-09-02,76.35,30.6858
2010-09-03,76.93,30.6922
2010-09-06,76.67,30.5771
2010-09-07,76.87,30.7319
2010-09-08,77.74,30.8873
2010-09-09,78.17,30.8801
2010-09-10,77.47,30.8937
2010-09-13,78.16,30.6831
2010-09-14,79.03,30.7049
2010-09-15,79.16,30.7407
2010-09-17,78.91,31.0826
2010-09-20,78.21,30.9809
2010-09-21,79.32,31.0814
2010-09-22,78.42,30.9826
2010-09-23,77.95,31.0031
2010-09-24,78.11,30.948
2010-09-27,78.87,30.6119
2010-09-28,78.57,30.6013
2010-09-29,78.71,30.403
2010-09-30,80.77,30.5126
2010-10-01,82.31,30.5094
2010-10-04,83.75,30.496
2010-10-05,83.28,30.436
2010-10-06,84.84,29.8929
2010-10-07,85.06,29.6334
2010-10-08,83.43,29.9086
2010-10-11,84.03,29.8317
2010-10-12,83.72,30.0763
2010-10-13,83.5,30.1269
2010-10-14,84.64,29.9315
2010-10-18,84.53,30.5237
2010-10-19,84.37,30.4151
2010-10-20,81.1,30.7968
2010-10-21,83.6,30.7348
2010-10-22,81.83,30.4977
2010-10-25,82.96,30.2258
2010-10-26,83.54,30.4
2010-10-27,83.66,30.5682
2010-10-28,83.23,30.6786
2010-10-29,83.59,30.7821
2010-11-01,83.15,30.7738
2010-11-02,84.62,30.7941
2010-11-03,85.41,30.7709
2010-11-08,86.38,30.8029
2010-11-09,88.46,30.8612
2010-11-10,88.33,30.6925
2010-11-11,88.96,30.5107
2010-11-12,88.81,30.7722
2010-11-15,86.34,30.8632
2010-11-17,86.7,31.3487
2010-11-18,83.28,31.1999
2010-11-19,85.05,30.949
2010-11-22,84.34,30.995
2010-11-23,83.96,31.2642
2010-11-24,83.25,31.2929
2010-11-25,85.84,31.2842
2010-11-26,86.1,31.3539
2010-11-29,85.58,31.3061
2010-11-30,87.34,31.3335
2010-12-01,85.92,31.4555
2010-12-02,88.87,31.3518
2010-12-03,90.69,31.2641
2010-12-06,91.42,31.2867
2010-12-07,91.45,31.2238
2010-12-08,91.39,31.243
2010-12-09,90.77,30.9831
2010-12-10,90.99,30.8604
2010-12-13,90.48,30.9006
2010-12-14,91.19,30.7447
2010-12-15,91.21,30.7199
2010-12-16,92.2,30.7528
2010-12-20,91.71,30.7746
2010-12-21,92.74,30.7188
2010-12-22,93.2,30.7187
2010-12-23,93.65,30.5922
2010-12-24,94.25,30.5778
2010-12-27,93.77,30.4495
2010-12-28,93.85,30.272
2010-12-29,94.38,30.3592
2010-12-30,94.14,30.4769
2010-12-31,93.09,30.3505
2011-01-11,94.75,30.6252
2011-01-12,97.61,30.3988
2011-01-13,98.12,30.0926
2011-01-14,98.06,29.954
2011-01-18,98.68,29.8881
2011-01-19,97.8,29.8252
2011-01-20,98.16,29.9147
2011-01-21,96.58,30.0109
2011-01-24,97.6,29.8516
2011-01-25,96.61,29.7948
2011-01-26,95.25,29.7768
2011-01-27,97.91,29.6738
2011-01-28,97.39,29.6684
2011-01-31,99.42,29.8018
2011-02-01,101.01,29.6548
2011-02-02,101.74,29.4219
2011-02-03,102.34,29.3489
2011-02-04,101.76,29.4136
2011-02-07,99.83,29.3689
2011-02-08,99.25,29.255
2011-02-09,99.92,29.301
2011-02-10,101.82,29.3535
2011-02-11,100.87,29.32
2011-02-15,101.43,29.285
2011-02-16,101.64,29.2735
2011-02-17,103.78,29.2447
2011-02-18,102.59,29.2585
2011-02-21,102.52,29.1549
2011-02-22,105.74,29.2859
2011-02-24,105.78,29.1611
2011-02-25,111.36,28.9405
2011-02-28,112.14,28.9028
2011-03-01,111.8,28.7569
2011-03-02,115.42,28.6277
2011-03-03,116.35,28.3228
2011-03-04,114.79,28.188
2011-03-09,115.97,28.2945
2011-03-10,115.94,28.4356
2011-03-11,115.43,28.6317
2011-03-14,113.84,28.664
2011-03-15,113.67,28.7263
2011-03-16,108.52,28.6582
2011-03-18,110.62,28.4763
2011-03-21,113.93,28.3675
2011-03-22,114.96,28.1561
2011-03-23,115.7,28.27
2011-03-24,115.55,28.4015
2011-03-25,115.72,28.2237
2011-03-28,115.59,28.411
2011-03-29,114.8,28.3436
2011-03-30,115.16,28.429
2011-03-31,115.13,28.5162
2011-04-01,117.36,28.3684
2011-04-04,118.7,28.2277
2011-04-05,121.06,28.3113
2011-04-06,122.22,28.2164
2011-04-07,122.3,28.2286
2011-04-08,122.67,28.1211
2011-04-11,126.65,27.9758
2011-04-12,123.98,28.1456
2011-04-13,120.92,28.1145
2011-04-14,122.88,28.1886
2011-04-18,122.36,28.1636
2011-04-19,121.61,28.4213
2011-04-20,121.33,28.1457
2011-04-21,123.85,27.9398
2011-04-25,123.99,27.9924
2011-04-26,123.66,27.8964
2011-04-27,124.14,27.7144
2011-04-28,125.13,27.4977
2011-04-29,125.02,27.5022
2011-05-03,125.89,27.3348
2011-05-04,122.45,27.3675
2011-05-05,121.19,27.2625
2011-05-06,110.8,27.6635
2011-05-10,109.13,27.8645
2011-05-11,117.63,27.6288
2011-05-12,112.57,27.9472
2011-05-13,112.98,27.8497
2011-05-16,113.83,28.122
2011-05-18,112.73,28.0466
2011-05-19,112.3,27.9608
2011-05-20,111.42,27.9145
2011-05-23,112.39,28.3418
2011-05-24,110.1,28.437
2011-05-25,112.53,28.4794
2011-05-26,114.93,28.228
2011-05-27,115.05,28.1166
2011-05-30,115.03,28.0685
2011-05-31,114.68,27.9805
2011-06-01,116.73,27.9682
2011-06-02,114.53,28.0419
2011-06-03,115.54,27.8751
2011-06-06,115.84,27.7752
2011-06-07,114.48,27.7814
2011-06-08,116.78,27.6847
2011-06-09,117.85,27.7033
2011-06-10,119.57,27.7907
2011-06-14,118.78,27.8984
2011-06-15,120.16,27.8957
2011-06-17,117.1,28.1778
2011-06-20,113.21,28.1783
2011-06-21,111.69,28.0118
2011-06-22,110.95,27.896
2011-06-23,114.21,28.0568
2011-06-24,107.26,28.1655
2011-06-27,105.12,28.3478
2011-06-28,105.99,28.2352
2011-06-29,108.78,28.0758
2011-06-30,112.4,27.8726
2011-07-01,112.48,27.8536
2011-07-04,111.77,27.8037
2011-07-05,111.39,27.8622
2011-07-06,113.61,27.8907
2011-07-07,113.62,27.9853
2011-07-08,118.59,27.888
2011-07-11,118.33,28.0839
2011-07-12,117.24,28.3842
2011-07-13,117.75,28.2557
2011-07-14,118.78,28.061
2011-07-18,118.32,28.1775
2011-07-19,116.05,28.1505
2011-07-20,117.06,28.0466
2011-07-21,118.15,27.908
2011-07-22,117.51,27.7169
2011-07-25,118.67,27.7413
2011-07-26,117.94,27.546
2011-07-27,118.28,27.4439
2011-07-28,117.43,27.5907
2011-07-29,117.36,27.6796
2011-08-01,116.74,27.5204
2011-08-02,116.81,27.8154
2011-08-03,116.46,27.8996
2011-08-04,113.23,27.8432
2011-08-05,107.25,28.3382
2011-08-08,109.37,28.521
2011-08-09,103.74,29.4166
2011-08-10,102.57,29.3065
2011-08-11,106.68,29.417
2011-08-12,108.02,29.4452
2011-08-15,108.03,28.8576
2011-08-16,109.91,28.7032
2011-08-18,109.47,28.9115
2011-08-19,106.99,29.2709
2011-08-22,108.62,29.2555
2011-08-23,108.36,28.9547
2011-08-24,109.31,28.9037
2011-08-25,110.15,28.8825
2011-08-26,110.62,28.8717
2011-08-29,111.36,28.7108
2011-08-30,111.88,28.8569
2011-08-31,114.02,28.9278
2011-09-01,114.85,28.8911
2011-09-02,114.29,29.0604
2011-09-05,112.33,29.3436
2011-09-06,110.08,29.6107
2011-09-07,112.89,29.4905
2011-09-08,115.8,29.5015
2011-09-09,114.55,29.6904
2011-09-12,112.77,30.3034
2011-09-13,112.25,30.1872
2011-09-14,111.89,30.3643
2011-09-15,112.4,30.5042
2011-09-19,115.34,30.868
2011-09-20,109.14,31.496
2011-09-21,110.54,31.4122
2011-09-22,110.36,31.9106
2011-09-23,105.49,32.1083
2011-09-26,103.97,32.4619
2011-09-27,103.94,32.2201
2011-09-28,107.14,31.818
2011-09-29,103.81,31.8751
2011-09-30,103.95,32.11
2011-10-03,102.76,32.589
2011-10-04,101.71,32.6799
2011-10-05,99.79,32.6374
2011-10-06,102.73,32.5085
2011-10-07,105.73,32.2005
2011-10-10,105.88,32.0096
2011-10-11,108.95,31.427
2011-10-12,110.73,31.4151
2011-10-13,111.36,31.2014
2011-10-14,111.11,30.9905
2011-10-18,114.68,30.9694
2011-10-19,111.15,30.9257
2011-10-20,108.39,31.3788
2011-10-21,109.76,31.3361
2011-10-24,109.56,30.8255
2011-10-25,111.45,30.4971
2011-10-26,110.92,30.5732
2011-10-27,108.91,30.2421
2011-10-28,112.08,29.8977
2011-10-31,109.91,30.1245
2011-11-01,109.56,30.6448
2011-11-02,109.54,30.683
2011-11-03,109.34,30.8438
2011-11-07,110.83,30.5694
2011-11-08,114.56,30.5014
2011-11-09,115.0,30.1033
2011-11-10,112.31,30.8454
2011-11-11,113.71,30.5282
2011-11-14,114.16,30.2921
2011-11-15,111.89,30.66
2011-11-17,112.39,30.7337
2011-11-18,108.22,30.919
2011-11-21,107.56,30.9693
2011-11-22,106.88,31.0612
2011-11-23,109.03,31.2133
2011-11-24,107.02,31.4365
2011-11-25,107.78,31.5788
2011-11-28,106.4,31.4117
2011-11-29,109.0,31.3216
2011-11-30,110.82,31.4001
2011-12-01,110.52,30.8486
2011-12-02,108.99,30.8099
2011-12-05,109.94,30.9068
2011-12-06,109.81,31.1026
2011-12-07,110.81,31.1527
2011-12-08,109.53,31.2308
2011-12-09,108.11,31.5691
2011-12-12,108.62,31.4134
2011-12-13,107.26,31.6704
2011-12-14,109.5,31.7655
2011-12-15,105.02,31.8957
2011-12-19,105.09,32.0323
2011-12-20,103.64,32.0519
2011-12-21,106.73,31.7645
2011-12-22,107.71,31.5634
2011-12-23,107.89,31.2575
2011-12-27,107.96,31.0847
2011-12-28,109.27,31.5633
2011-12-29,107.56,32.0197
2011-12-30,108.01,32.1961
2012-01-10,107.38,31.8729
2012-01-11,113.28,31.6886
2012-01-12,112.24,31.6807
2012-01-13,111.26,31.583
2012-01-16,110.44,31.9344
2012-01-17,111.2,31.5445
2012-01-18,111.53,31.5428
2012-01-19,110.66,31.4777
2012-01-20,111.55,31.2879
2012-01-23,109.86,31.3325
2012-01-24,110.58,30.8752
2012-01-25,110.03,30.667
2012-01-26,109.81,30.36
2012-01-27,110.79,30.3626
2012-01-30,111.46,30.3647
2012-01-31,110.75,30.3131
2012-02-01,110.98,30.4067
2012-02-02,111.56,30.1855
2012-02-03,112.07,30.2385
2012-02-06,114.58,30.2324
2012-02-07,115.93,30.0871
2012-02-08,116.23,29.693
2012-02-09,117.2,29.6795
2012-02-10,118.59,29.8923
2012-02-13,117.31,29.8873
2012-02-14,117.93,30.0868
2012-02-15,118.16,29.944
2012-02-16,118.93,30.2098
2012-02-17,120.11,29.9982
2012-02-20,119.58,29.7805
2012-02-21,120.05,29.7796
2012-02-22,121.66,29.7692
2012-02-24,122.9,29.449
2012-02-27,125.47,29.1264
2012-02-28,124.17,28.9503
2012-02-29,121.55,29.0253
2012-03-01,122.66,29.2889
2012-03-02,126.2,29.296
2012-03-05,123.65,29.2892
2012-03-06,123.8,29.4508
2012-03-07,121.98,29.6621
2012-03-12,124.12,29.6666
2012-03-13,125.34,29.5091
2012-03-14,126.22,29.5125
2012-03-15,124.97,29.5822
2012-03-16,123.55,29.3578
2012-03-19,125.81,29.2224
2012-03-20,125.71,29.1652
2012-03-21,124.12,29.2079
2012-03-22,124.2,29.2447
2012-03-23,123.14,29.4038
2012-03-26,125.13,29.2311
2012-03-27,125.65,28.9468
2012-03-28,125.54,29.0845
2012-03-29,124.16,29.2853
2012-03-30,122.39,29.3282
2012-04-02,122.88,29.3479
2012-04-03,125.43,29.2944
2012-04-04,124.86,29.4285
2012-04-05,122.34,29.4303
2012-04-09,123.43,29.6358
2012-04-10,122.67,29.6359
2012-04-11,119.88,29.8033
2012-04-12,120.18,29.569
2012-04-13,121.71,29.4711
2012-04-16,121.83,29.7614
2012-04-17,118.68,29.6368
2012-04-18,118.78,29.4978
2012-04-19,117.97,29.5122
2012-04-20,118.0,29.5214
2012-04-23,118.76,29.488
2012-04-24,118.71,29.4549
2012-04-25,118.16,29.2962
2012-04-26,119.12,29.277
2012-04-27,119.92,29.4234
2012-05-02,119.83,29.3708
2012-05-03,118.2,29.463
2012-05-04,116.08,29.5937
2012-05-10,113.18,30.1891
2012-05-11,112.73,30.2306
2012-05-14,112.26,30.2652
2012-05-15,111.57,30.3299
2012-05-16,112.24,30.9758
2012-05-17,111.71,30.9417
2012-05-18,107.49,31.3921
2012-05-21,107.14,31.1582
2012-05-22,108.81,31.0644
2012-05-23,108.41,31.3803
2012-05-24,105.56,31.6247
2012-05-25,106.55,31.7572
2012-05-28,106.83,31.827
2012-05-29,107.11,32.086
2012-05-30,106.68,32.4509
2012-05-31,103.47,32.9173
2012-06-01,101.87,33.7384
2012-06-04,98.43,34.0395
2012-06-05,98.85,33.2001
2012-06-06,98.84,32.7889
2012-06-07,100.64,32.1922
2012-06-08,99.93,32.7358
2012-06-13,99.47,32.7331
2012-06-14,97.13,32.5766
2012-06-15,97.03,32.3945
2012-06-18,97.61,32.1315
2012-06-19,96.05,32.5315
2012-06-20,95.76,32.5166
2012-06-21,92.69,32.9054
2012-06-22,89.23,33.5191
2012-06-25,90.98,33.1693
2012-06-26,91.01,33.1732
2012-06-27,93.02,32.8384
2012-06-28,93.5,32.9412
2012-06-29,91.36,32.8169
2012-07-02,97.8,32.5287
2012-07-03,97.34,32.4789
2012-07-04,100.68,32.2065
2012-07-05,99.77,32.4727
2012-07-06,100.7,32.624
2012-07-09,98.19,32.9907
2012-07-10,100.32,32.9754
2012-07-11,97.97,32.8282
2012-07-12,100.23,32.7177
2012-07-13,101.07,32.659
2012-07-16,102.4,32.6208
2012-07-17,103.55,32.4955
2012-07-18,104.0,32.4041
2012-07-19,105.16,32.0764
2012-07-20,107.8,31.9509
2012-07-23,106.83,32.376
2012-07-24,103.26,32.6324
2012-07-25,103.42,32.9657
2012-07-26,104.38,32.6224
2012-07-27,105.26,32.2131
2012-07-30,106.47,32.1881
2012-07-31,106.2,32.2058
2012-08-01,104.92,32.3322
2012-08-02,105.96,32.4563
2012-08-03,105.9,32.5361
2012-08-06,108.94,31.9451
2012-08-07,109.55,31.6644
2012-08-08,112.0,31.6907
2012-08-09,112.14,31.4807
2012-08-10,113.22,31.8974
2012-08-13,112.95,31.8707
2012-08-14,113.6,31.7739
2012-08-15,114.03,31.8532
2012-08-16,116.25,31.9011
2012-08-17,116.9,31.8469
2012-08-20,113.71,32.0165
2012-08-21,113.7,31.9606
2012-08-22,114.64,31.8056
2012-08-23,114.91,31.683
2012-08-24,115.01,31.8099
2012-08-27,113.59,31.8703
2012-08-28,112.26,32.0183
2012-08-29,112.58,32.0942
2012-08-30,112.54,32.2934
2012-08-31,112.65,32.5669
2012-09-03,114.57,32.4171
2012-09-04,115.78,32.1995
2012-09-05,114.18,32.4608
2012-09-06,113.09,32.1998
2012-09-07,113.49,32.0142
2012-09-10,114.25,31.7221
2012-09-11,114.81,31.7768
2012-09-12,115.4,31.478
2012-09-13,115.96,31.3992
2012-09-14,116.9,30.8181
2012-09-17,116.66,30.5867
2012-09-18,113.79,30.8795
2012-09-19,112.03,30.8634
2012-09-20,108.19,31.5758
2012-09-21,110.03,31.1667
2012-09-24,111.42,31.2513
2012-09-25,109.81,31.1608
2012-09-26,110.45,31.2221
2012-09-27,110.04,31.1951
2012-09-28,112.01,30.9169
2012-10-01,112.39,31.2538
2012-10-02,112.19,31.135
2012-10-03,111.57,31.1944
2012-10-04,108.17,31.121
2012-10-05,112.58,30.9744
2012-10-08,112.02,31.0777
2012-10-09,111.82,31.0994
2012-10-10,114.5,31.2017
2012-10-11,114.33,31.1667
2012-10-12,115.71,30.9738
2012-10-15,114.62,31.0791
2012-10-16,115.8,30.9493
2012-10-17,115.07,30.7964
2012-10-18,113.22,30.7195
2012-10-19,112.42,30.7823
2012-10-22,110.14,30.9084
2012-10-23,109.44,31.1171
2012-10-24,108.25,31.3039
2012-10-25,107.85,31.2499
2012-10-26,108.49,31.478
2012-10-29,109.55,31.4373
2012-10-30,109.44,31.5252
2012-10-31,109.08,31.3743
2012-11-01,108.7,31.3666
2012-11-02,108.17,31.3817
2012-11-06,105.68,31.5195
2012-11-07,111.07,31.3033
2012-11-08,106.82,31.5146
2012-11-09,107.25,31.4962
2012-11-12,109.4,31.6053
2012-11-13,109.07,31.7164
2012-11-14,108.26,31.7267
2012-11-15,109.61,31.6919
2012-11-16,110.98,31.7184
2012-11-19,108.95,31.6677
2012-11-20,111.7,31.4263
2012-11-21,109.83,31.4218
2012-11-22,110.86,31.1525
2012-11-23,110.55,31.1325
2012-11-26,111.38,31.0201
2012-11-27,110.92,30.941
2012-11-28,109.87,31.1408
2012-11-29,109.51,31.0565
2012-11-30,110.76,30.811
2012-12-03,111.23,30.8365
2012-12-04,110.92,30.994
2012-12-05,109.84,30.8235
2012-12-06,108.81,30.9107
2012-12-07,107.03,30.967
2012-12-10,107.02,30.8686
2012-12-11,107.33,30.7506
2012-12-12,108.01,30.7321
2012-12-13,109.5,30.6034
2012-12-14,107.91,30.6892
2012-12-17,109.15,30.7696
2012-12-18,107.64,30.9859
2012-12-19,108.84,30.7606
2012-12-20,110.36,30.7592
2012-12-21,110.2,30.7194
2012-12-24,108.97,30.8046
2012-12-26,108.8,30.615
2012-12-27,111.07,30.4808
2012-12-28,110.8,30.3727
2013-01-09,110.62,30.4215
2013-01-10,111.76,30.365
2013-01-11,111.89,30.2537
2013-01-14,110.64,30.2607
2013-01-15,111.88,30.2556
2013-01-16,110.3,30.3399
2013-01-17,110.61,30.3431
2013-01-18,111.1,30.2065
2013-01-21,111.89,30.297
2013-01-22,111.71,30.195
2013-01-23,112.42,30.2292
2013-01-24,112.8,30.1648
2013-01-25,113.28,30.0451
2013-01-28,113.28,30.0782
2013-01-29,113.48,30.1513
2013-01-30,114.36,30.0277
2013-01-31,114.9,30.0161
2013-02-01,115.55,29.9966
2013-02-04,116.76,29.9251
2013-02-05,115.6,30.1231
2013-02-06,116.52,29.9598
2013-02-07,116.73,30.0496
2013-02-08,117.24,30.1575
2013-02-11,118.9,30.159
2013-02-12,118.13,30.1713
2013-02-13,118.66,30.0692
2013-02-14,118.72,30.0773
2013-02-15,118.0,30.1139
2013-02-18,117.66,30.1258
2013-02-19,117.38,30.1277
2013-02-20,117.52,30.0502
2013-02-21,115.6,30.2337
2013-02-22,113.53,30.3596
2013-02-25,114.1,30.3368
2013-02-26,114.44,30.5889
2013-02-27,112.71,30.6202
2013-02-28,111.87,30.5124
2013-03-01,111.38,30.6381
2013-03-04,110.4,30.787
2013-03-05,110.09,30.6963
2013-03-06,111.61,30.6214
2013-03-07,111.06,30.7628
2013-03-11,111.15,30.7576
2013-03-12,110.22,30.7499
2013-03-13,109.65,30.7209
2013-03-14,108.52,30.7769
2013-03-15,109.42,30.7196
2013-03-18,109.82,30.8908
2013-03-19,109.51,30.8285
2013-03-20,107.45,30.9446
2013-03-21,108.72,30.8923
2013-03-22,107.47,30.9325
2013-03-25,107.66,30.7585
2013-03-26,108.17,30.8734
2013-03-27,109.36,30.863
2013-03-28,109.69,30.9962
2013-04-01,110.02,31.1093
2013-04-02,111.08,31.1178
2013-04-03,110.69,31.3918
2013-04-04,107.11,31.7203
2013-04-05,106.34,31.6207
2013-04-08,104.12,31.6144
2013-04-09,104.66,31.2086
2013-04-10,106.23,31.0036
2013-04-11,105.79,30.8814
2013-04-12,104.27,30.9308
2013-04-15,103.11,31.3051
2013-04-16,100.39,31.4512
2013-04-17,99.91,31.232
2013-04-18,97.69,31.7151
2013-04-19,99.13,31.4605
2013-04-22,99.65,31.5664
2013-04-23,100.39,31.6414
2013-04-24,100.31,31.5917
2013-04-25,101.73,31.3169
2013-04-26,103.41,31.2196
2013-04-29,103.16,31.2559
2013-04-30,103.81,31.0433
2013-05-06,102.37,31.0839
2013-05-07,105.46,31.0789
2013-05-08,104.4,31.0829
2013-05-13,104.34,31.3777
2013-05-14,102.82,31.2778
2013-05-15,102.6,31.4281
2013-05-16,103.68,31.4166
2013-05-17,103.8,31.3931
2013-05-20,104.64,31.3406
2013-05-21,104.8,31.177
2013-05-22,103.91,31.228
2013-05-23,102.6,31.4711
2013-05-24,102.44,31.3164
2013-05-27,102.64,31.3025
2013-05-28,102.62,31.3784
2013-05-29,104.23,31.5203
2013-05-30,102.43,31.5893
2013-05-31,102.19,31.7979
2013-06-03,100.39,32.0487
2013-06-04,102.06,31.8344
2013-06-05,103.24,31.9816
2013-06-06,103.04,32.1385
2013-06-07,103.61,32.2397
2013-06-10,104.56,32.3246
2013-06-11,103.95,32.3951
2013-06-13,102.96,32.3467
2013-06-14,104.25,31.8029
2013-06-17,105.93,31.679
2013-06-18,105.47,31.8824
2013-06-19,106.02,32.1201
2013-06-20,106.12,32.7041
2013-06-21,102.15,32.7433
2013-06-24,100.91,32.9097
2013-06-25,101.16,32.714
2013-06-26,101.26,32.8876
2013-06-27,101.66,32.8766
2013-06-28,102.82,32.709
2013-07-01,102.16,32.8517
2013-07-02,103.0,32.9475
2013-07-03,104.0,33.2204
2013-07-04,105.76,33.1605
2013-07-05,105.54,33.2247
2013-07-08,107.72,33.321
2013-07-09,107.43,33.0842
2013-07-10,107.81,32.9112
2013-07-11,108.51,32.5867
2013-07-12,107.73,32.6429
2013-07-15,108.81,32.622
2013-07-16,109.09,32.5417
2013-07-17,109.4,32.4526
2013-07-18,108.61,32.3998
2013-07-19,108.7,32.4288
2013-07-22,108.07,32.3236
2013-07-23,108.15,32.3106
2013-07-24,108.42,32.3462
2013-07-25,107.19,32.5376
2013-07-26,107.65,32.6371
2013-07-29,107.17,32.8556
2013-07-30,107.45,32.8901
2013-07-31,106.91,33.033
2013-08-01,107.7,32.9741
2013-08-02,109.54,33.0978
2013-08-05,108.95,32.8811
2013-08-06,108.7,32.939
2013-08-07,108.18,32.9848
2013-08-08,107.44,32.9401
2013-08-09,106.68,32.8606
2013-08-12,108.22,32.891
2013-08-13,108.97,33.0426
2013-08-14,109.82,33.1583
2013-08-15,110.2,33.0004
2013-08-16,111.11,32.9421
2013-08-19,110.4,32.9226
2013-08-20,109.9,33.0006
2013-08-21,110.15,32.9737
2013-08-22,109.81,33.1908
2013-08-23,109.9,33.0552
2013-08-26,111.04,32.9564
2013-08-27,110.73,33.1224
2013-08-28,114.36,33.1798
2013-08-29,116.61,33.1783
2013-08-30,115.16,33.2474
2013-09-02,114.01,33.2522
2013-09-03,114.33,33.3693
2013-09-04,115.68,33.4656
2013-09-05,114.91,33.3901
2013-09-06,115.26,33.4338
2013-09-09,116.12,33.3243
2013-09-10,113.72,33.06
2013-09-11,111.25,32.9629
2013-09-12,111.5,32.6731
2013-09-13,112.63,32.7406
2013-09-16,112.78,32.2907
2013-09-17,110.07,32.3237
2013-09-18,108.19,32.245
2013-09-19,110.6,31.5892
2013-09-20,108.76,31.7326
2013-09-23,109.22,31.9106
2013-09-24,108.16,31.8167
2013-09-25,108.64,31.9343
2013-09-26,108.32,32.1736
2013-09-27,109.21,32.3451
2013-09-30,108.63,32.4839
2013-10-01,108.37,32.2965
2013-10-02,107.94,32.2979
2013-10-03,109.19,32.125
2013-10-04,109.0,32.1005
2013-10-07,109.46,32.2931
2013-10-08,109.68,32.2984
2013-10-09,110.16,32.3619
2013-10-10,109.06,32.3564
2013-10-11,111.8,32.2133
2013-10-14,111.28,32.2663
2013-10-15,111.04,32.2676
2013-10-16,109.96,32.2561
2013-10-17,110.86,32.0816
2013-10-18,109.11,31.846
2013-10-21,109.94,31.9013
2013-10-22,109.64,31.9346
2013-10-23,109.97,31.7448
2013-10-24,107.8,31.6618
2013-10-25,106.99,31.6775
2013-10-28,106.93,31.8119
2013-10-29,109.61,31.9445
2013-10-30,109.01,32.0613
2013-10-31,109.86,32.0758
2013-11-01,108.84,32.1808
2013-11-05,105.91,32.3509
2013-11-06,105.33,32.4511
2013-11-07,105.24,32.3803
2013-11-08,103.46,32.5479
2013-11-11,105.12,32.6622
2013-11-12,106.4,32.8076
2013-11-13,105.81,32.8184
2013-11-14,107.12,32.6874
2013-11-15,108.54,32.6807
2013-11-18,108.5,32.5658
2013-11-19,108.47,32.6098
2013-11-20,106.92,32.7417
2013-11-21,108.06,33.018
2013-11-22,110.08,32.9055
2013-11-25,111.05,32.7733
2013-11-26,111.0,32.9879
2013-11-27,110.88,33.0041
2013-11-28,111.31,33.1332
2013-11-29,110.86,33.1916
2013-12-02,109.69,33.1482
2013-12-03,111.45,33.246
2013-12-04,112.62,33.2632
2013-12-05,111.88,33.114
2013-12-06,110.98,32.9514
2013-12-09,111.61,32.7782
2013-12-10,109.39,32.7848
2013-12-11,109.38,32.7315
2013-12-12,109.7,32.7518
2013-12-13,108.67,32.8663
2013-12-16,108.83,32.8658
2013-12-17,110.47,32.8646
2013-12-18,108.44,32.9404
2013-12-19,109.63,32.9527
2013-12-20,110.29,32.9798
2013-12-23,111.77,32.9506
2013-12-24,111.56,32.6284
2013-12-26,111.9,32.671
2013-12-27,111.98,32.6282
2013-12-30,112.18,32.7292
2013-12-31,111.21,32.6587
2014-01-09,110.8,33.1547
2014-01-10,106.39,33.2062
2014-01-13,107.25,33.1204
2014-01-14,106.75,33.2386
2014-01-15,106.39,33.3562
2014-01-16,107.13,33.4013
2014-01-17,107.09,33.4343
2014-01-20,106.48,33.6429
2014-01-21,106.35,33.8161
2014-01-22,106.73,33.8688
2014-01-23,108.27,34.0334
2014-01-24,107.58,34.26
2014-01-27,107.88,34.7093
2014-01-28,106.69,34.625
2014-01-29,107.41,34.5633
2014-01-30,107.85,35.2448
2014-01-31,107.95,35.18
2014-02-03,106.4,35.2347
2014-02-04,106.04,35.4502
2014-02-05,105.78,34.9592
2014-02-06,106.25,34.7287
2014-02-07,107.19,34.6044
2014-02-10,109.57,34.7636
2014-02-11,108.63,34.7964
2014-02-12,108.68,34.7595
2014-02-13,108.79,34.8611
2014-02-14,108.73,35.2559
2014-02-17,109.08,35.0976
2014-02-18,109.18,35.2386
2014-02-19,110.46,35.5857
2014-02-20,110.47,35.767
2014-02-21,110.3,35.6828
2014-02-24,109.85,35.5112
2014-02-25,110.64,35.5669
2014-02-26,109.51,35.7872
2014-02-27,109.52,36.0501
2014-02-28,108.96,36.1847
2014-03-03,109.07,36.3784
2014-03-04,111.2,36.3208
2014-03-05,109.3,36.0849
2014-03-06,107.76,36.1251
2014-03-07,108.1,36.2618
2014-03-11,109.0,36.4015
2014-03-12,108.55,36.4865
2014-03-13,108.02,36.4566
2014-03-14,107.39,36.6391
2014-03-17,108.57,36.6505
2014-03-18,106.24,36.4487
2014-03-19,106.79,36.207
2014-03-20,105.85,36.1081
2014-03-21,106.45,36.4022
2014-03-24,106.92,36.1663
2014-03-25,106.81,35.9316
2014-03-26,106.99,35.4494
2014-03-27,107.03,35.581
2014-03-28,107.83,35.6871
2014-03-31,108.07,35.6053
2014-04-01,107.76,35.024
2014-04-02,105.62,35.2517
2014-04-03,104.79,35.5154
2014-04-04,106.15,35.501
2014-04-07,106.72,35.4679
2014-04-08,105.82,35.5475
2014-04-09,107.67,35.7493
2014-04-10,107.98,35.5581
2014-04-11,107.46,35.6239
2014-04-14,107.33,35.989
2014-04-15,109.07,35.9635
2014-04-16,108.74,36.0813
2014-04-17,109.6,35.9287
2014-04-21,109.53,35.6688
2014-04-22,109.95,35.6785
2014-04-23,109.27,35.6625
2014-04-24,109.11,35.683
2014-04-25,110.33,35.9289
2014-04-28,109.58,36.0245
2014-04-29,108.12,35.6983
2014-04-30,108.98,35.7227
2014-05-05,108.07,35.8381
2014-05-06,107.72,35.655
2014-05-07,107.06,35.4971
2014-05-08,108.13,35.0343
2014-05-12,108.04,35.2091
2014-05-13,108.41,34.8789
2014-05-14,109.24,34.709
2014-05-15,110.19,34.7005
2014-05-16,110.44,34.7794
2014-05-19,109.75,34.7394
2014-05-20,109.37,34.6007
2014-05-21,109.69,34.5078
2014-05-22,110.55,34.2802
2014-05-23,110.36,34.3139
2014-05-26,110.54,34.0771
2014-05-27,110.32,34.2571
2014-05-28,110.02,34.4895
2014-05-29,109.81,34.6481
2014-05-30,109.97,34.7352
2014-06-02,109.41,34.8887
2014-06-03,108.83,35.0115
2014-06-04,108.82,35.1398
2014-06-05,108.4,34.9043
2014-06-06,108.79,34.6573
2014-06-09,108.61,34.3303
2014-06-10,109.99,34.3681
2014-06-11,109.52,34.3227
2014-06-16,109.95,34.5654
2014-06-17,112.94,34.8095
2014-06-18,113.45,34.8232
2014-06-19,114.26,34.3025
2014-06-20,115.06,34.419
2014-06-23,114.81,34.2797
2014-06-24,114.12,33.9812
2014-06-25,114.46,33.907
2014-06-26,114.0,33.7508
2014-06-27,113.21,33.6306
2014-06-30,113.3,33.8434
2014-07-01,112.36,34.2275
2014-07-02,112.29,34.2496
2014-07-03,111.24,34.1949
2014-07-04,111.0,34.3236
2014-07-07,110.64,34.5691
2014-07-08,110.24,34.4258
2014-07-09,108.94,34.0758
2014-07-10,108.28,33.8353
2014-07-11,108.67,34.0582
2014-07-14,106.66,34.3135
2014-07-15,106.98,34.3723
2014-07-16,106.02,34.3853
2014-07-17,105.85,34.7998
2014-07-18,107.89,35.1627
2014-07-21,107.24,35.09
2014-07-22,107.68,35.0387
2014-07-23,107.33,34.8101
2014-07-24,108.03,35.0786
2014-07-25,107.07,35.0535
2014-07-28,108.39,35.3457
2014-07-29,107.57,35.6339
2014-07-30,107.72,35.7271
2014-07-31,106.51,35.4438
2014-08-01,106.02,35.7272
2014-08-04,104.84,35.6605
2014-08-05,105.41,35.7987
2014-08-06,104.61,36.1102
2014-08-07,104.59,36.2496
2014-08-08,105.44,36.4461
2014-08-11,105.02,36.0475
2014-08-12,104.68,36.089
2014-08-13,103.02,36.2222
2014-08-14,104.28,36.0395
2014-08-15,102.01,36.0014
2014-08-18,103.53,36.0294
2014-08-19,101.6,36.1094
2014-08-20,101.56,36.224
2014-08-21,102.28,36.3317
2014-08-22,102.63,36.0027
2014-08-25,102.29,36.1201
2014-08-26,102.65,36.1358
2014-08-27,102.5,36.1397
2014-08-28,102.72,36.3053
2014-08-29,102.46,36.9316
2014-09-01,103.19,37.2945
2014-09-02,102.79,37.348
2014-09-03,100.34,37.3183
2014-09-04,102.77,36.8038
2014-09-05,101.83,36.9219
2014-09-08,100.82,37.0866
2014-09-09,100.2,37.0261
2014-09-10,99.16,37.1693
2014-09-11,98.04,37.3758
2014-09-12,98.08,37.6545
2014-09-15,97.11,37.9861
2014-09-16,96.65,38.7058
2014-09-17,99.05,38.3724
2014-09-18,98.97,38.4209
2014-09-19,97.7,38.4134
2014-09-22,98.39,38.5782
2014-09-23,96.97,38.6672
2014-09-24,96.85,38.383
2014-09-25,96.95,38.3007
2014-09-26,97.0,38.7243
2014-09-29,97.0,39.3866
2014-09-30,97.2,39.3836
2014-10-01,94.67,39.6604
2014-10-02,94.16,39.5474
2014-10-03,93.42,39.698
2014-10-06,92.31,39.982
2014-10-07,92.79,39.7417
2014-10-08,92.11,39.9819
2014-10-09,91.38,39.98
2014-10-10,90.05,40.2125
2014-10-13,90.21,40.3251
2014-10-14,88.89,40.5304
2014-10-15,85.04,40.9416
2014-10-16,83.78,40.7457
2014-10-17,84.47,41.045
2014-10-20,86.16,40.8815
2014-10-21,85.4,41.0501
2014-10-22,86.22,40.9671
2014-10-23,84.71,41.4958
2014-10-24,86.83,41.8101
2014-10-27,86.13,41.9497
2014-10-28,85.83,42.3934
2014-10-29,86.03,42.6525
2014-10-30,87.12,43.3943
2014-10-31,86.24,41.9627
2014-11-05,85.86,44.3993
2014-11-06,82.95,45.1854
2014-11-07,82.86,47.8774
2014-11-10,83.39,45.8926
2014-11-11,82.34,45.952
2014-11-12,81.67,46.3379
2014-11-13,80.38,46.1233
2014-11-14,77.92,47.392
2014-11-17,79.41,47.3329
2014-11-18,79.31,46.9797
2014-11-19,78.47,47.0294
2014-11-20,78.1,46.7047
2014-11-21,79.33,45.7926
2014-11-24,80.36,44.7852
2014-11-25,79.68,44.9758
2014-11-26,78.33,46.4244
2014-11-27,77.75,47.6629
2014-11-28,72.58,49.322
2014-12-01,70.15,51.8068
2014-12-02,72.54,50.7678
2014-12-03,70.54,54.3821
2014-12-04,69.92,52.6932
2014-12-05,69.64,53.1088
2014-12-08,69.07,53.3079
2014-12-09,66.19,54.2116
2014-12-10,66.84,54.2758
2014-12-11,64.24,54.7932
2014-12-12,63.68,56.8919
2014-12-15,61.85,58.3461
2014-12-16,61.06,61.1512
2014-12-17,59.86,67.7851
2014-12-18,61.18,59.6029
2014-12-19,59.27,60.6825
2014-12-22,61.38,56.494
2014-12-23,60.11,54.5687
2014-12-24,61.69,54.4913
2014-12-26,60.24,52.0343
2014-12-29,59.45,56.6801
2014-12-30,57.88,56.2584
2014-12-31,57.9,56.2376
2015-01-12,57.33,62.7363
2015-01-13,47.43,64.8425
2015-01-14,46.59,66.0983
2015-01-15,48.69,64.8337
2015-01-16,47.67,65.1738
2015-01-19,50.17,64.9732
2015-01-20,48.84,64.9862
2015-01-21,47.99,65.5558
2015-01-22,49.03,65.4
2015-01-23,48.52,63.393
2015-01-26,48.79,65.5937
2015-01-27,48.16,67.8153
2015-01-28,49.6,67.1506
2015-01-29,48.47,68.7303
2015-01-30,49.13,68.9291
2015-02-02,52.99,69.664
2015-02-03,54.75,67.7727
2015-02-04,57.91,65.447
2015-02-05,54.16,68.6113
2015-02-06,56.57,66.0432
2015-02-09,57.8,65.7817
2015-02-10,58.34,65.4469
2015-02-11,56.43,66.0585
2015-02-12,54.66,66.0994
2015-02-13,57.05,65.0862
2015-02-16,61.52,62.6632
2015-02-17,61.4,62.8353
2015-02-18,62.53,62.4001
2015-02-19,60.53,62.1307
2015-02-20,60.21,61.7235
2015-02-24,60.22,63.5083
2015-02-25,58.66,62.5906
2015-02-26,61.63,60.7109
2015-02-27,60.05,61.2718
2015-03-02,62.58,62.2248
2015-03-03,59.54,62.3649
2015-03-04,61.02,61.8745
2015-03-05,60.55,61.8457
2015-03-06,60.48,59.9938
2015-03-10,59.73,60.6649
2015-03-11,56.39,62.6797
2015-03-12,57.54,60.9595
2015-03-13,57.08,61.3167
2015-03-16,54.67,62.1497
2015-03-17,53.44,61.751
2015-03-18,53.51,61.3483
2015-03-19,55.91,59.8308
2015-03-20,54.43,60.0341
2015-03-23,55.32,59.4452
2015-03-24,55.92,58.771
2015-03-25,55.11,57.3879
2015-03-26,56.48,56.4271
2015-03-27,59.19,57.7279
2015-03-30,56.41,58.4643
2015-03-31,56.29,57.65
2015-04-01,55.11,58.3536
2015-04-02,57.1,56.9902
2015-04-06,54.95,56.5161
2015-04-07,58.12,55.3328
2015-04-08,59.1,54.027
2015-04-09,55.55,52.5424
2015-04-10,56.57,51.0678
2015-04-13,57.87,52.422
2015-04-14,57.93,51.9749
2015-04-15,58.43,50.5033
2015-04-16,60.32,49.6749
2015-04-17,63.98,50.5295
2015-04-20,63.45,51.5207
2015-04-21,63.45,53.9728
2015-04-22,62.08,53.6555
2015-04-23,62.73,51.6011
2015-04-24,64.85,50.2473
2015-04-27,65.28,51.469
2015-04-28,64.83,52.3041
2015-04-29,64.64,51.7029
2015-04-30,65.84,51.1388
2015-05-05,66.78,51.7574
2015-05-06,67.52,49.9816
2015-05-07,67.77,50.3615
2015-05-08,65.54,50.7511
2015-05-12,65.39,50.914
2015-05-13,66.86,49.5366
2015-05-14,66.81,50.0774
2015-05-15,66.59,50.0115
2015-05-18,66.81,49.2175
2015-05-19,66.27,49.1777
2015-05-20,64.02,49.7919
2015-05-21,65.03,49.9204
2015-05-22,66.54,49.7901
2015-05-25,65.37,49.8613
2015-05-26,65.52,50.3223
2015-05-27,63.72,51.0178
2015-05-28,62.06,52.2907
2015-05-29,62.58,52.9716
2015-06-01,65.56,52.8213
2015-06-02,64.88,53.4413
2015-06-03,65.49,53.059
2015-06-04,63.8,54.9908
2015-06-05,62.03,56.2463
2015-06-08,63.31,56.0435
2015-06-09,62.69,55.91
2015-06-10,64.88,54.8219
2015-06-11,65.7,54.5285
2015-06-15,65.11,55.2679
2015-06-16,62.61,54.0409
2015-06-17,63.7,53.8999
2015-06-18,63.87,53.3301
2015-06-19,64.26,53.8006
2015-06-22,63.02,53.5569
2015-06-23,63.34,54.2081
2015-06-24,64.45,54.0746
2015-06-25,63.49,54.6026
2015-06-26,63.2,54.8126
2015-06-29,63.26,55.524
2015-06-30,62.01,55.8413
2015-07-01,63.59,55.4756
2015-07-02,62.01,55.6555
2015-07-03,62.07,55.6049
2015-07-06,60.32,56.4112
2015-07-07,56.54,57.2192
2015-07-08,56.85,57.2174
2015-07-09,57.05,56.9803
2015-07-10,58.61,56.6685
2015-07-13,58.73,56.6079
2015-07-14,57.85,56.9774
2015-07-15,58.51,56.6642
2015-07-16,57.05,56.9504
2015-07-17,57.51,56.8423
2015-07-20,57.1,56.8336
2015-07-21,56.65,57.0025
2015-07-22,57.04,57.0232
2015-07-23,56.13,57.3578
2015-07-24,55.27,58.0374
2015-07-27,54.62,58.7816
2015-07-28,53.47,60.2231
2015-07-29,53.3,59.7665
2015-07-30,53.38,58.9906
2015-07-31,53.31,60.3458
2015-08-03,52.21,62.4677
2015-08-04,49.52,62.9182
2015-08-05,49.99,62.7184
2015-08-06,49.59,63.8644
2015-08-07,49.52,63.8399
2015-08-10,48.61,64.4977
2015-08-11,50.41,63.2098
2015-08-12,49.18,65.0169
2015-08-13,49.66,63.9988
2015-08-14,49.22,64.9363
2015-08-17,49.03,65.5034
2015-08-18,48.74,65.8289
2015-08-19,48.81,65.7222
2015-08-20,47.16,66.9608
2015-08-21,46.62,68.1216
2015-08-24,45.46,70.7465
2015-08-25,42.69,69.9461
2015-08-26,43.21,69.3142
2015-08-27,43.14,67.4473
2015-08-28,47.56,66.4779
2015-08-31,50.05,66.7152
2015-09-01,54.15,65.3495
2015-09-02,49.56,66.6756
2015-09-03,50.5,67.0102
2015-09-04,50.68,67.685
2015-09-07,49.61,68.4864
2015-09-08,47.63,68.7932
2015-09-09,49.52,67.6219
2015-09-10,47.58,68.4961
2015-09-11,48.89,68.0093
2015-09-14,48.14,67.9571
2015-09-15,46.37,67.1574
2015-09-16,46.63,65.9273
2015-09-17,49.75,65.3623
2015-09-18,49.08,65.6445
2015-09-21,47.47,66.1455
2015-09-22,48.92,66.1747
2015-09-23,49.08,66.041
2015-09-24,47.75,66.5151
2015-09-25,48.17,65.6727
2015-09-28,48.6,65.547
2015-09-29,47.34,66.2367
2015-09-30,48.23,65.7364
2015-10-01,48.37,65.0336
2015-10-02,47.69,65.9414
2015-10-05,48.13,65.6248
2015-10-06,49.25,65.0962
2015-10-07,51.92,62.7061
2015-10-08,51.33,62.2942
2015-10-09,53.05,61.2967
2015-10-12,52.65,61.1535
2015-10-13,49.86,62.2237
2015-10-14,49.24,63.1248
2015-10-15,49.15,62.2433
2015-10-16,48.71,61.3587
2015-10-19,50.46,61.4419
2015-10-20,48.61,62.162
2015-10-21,48.71,62.6309
2015-10-22,47.85,62.7888
2015-10-23,48.08,61.9286
2015-10-26,47.99,62.5038
2015-10-27,47.54,63.5004
2015-10-28,46.81,65.3159
2015-10-29,49.05,64.1686
2015-10-30,48.8,64.3742
2015-11-02,49.56,63.7993
2015-11-03,48.79,63.8525
2015-11-05,50.54,63.3991
2015-11-06,47.98,63.6832
2015-11-09,47.42,64.6606
2015-11-10,47.19,64.3908
2015-11-11,47.44,64.5693
2015-11-12,45.81,65.4541
2015-11-13,44.06,66.6343
2015-11-16,43.61,66.4607
2015-11-17,44.56,65.4799
2015-11-18,43.57,64.7785
2015-11-19,44.14,64.912
2015-11-20,44.18,64.8673
2015-11-23,44.66,65.5973
2015-11-24,44.83,65.621
2015-11-25,46.12,65.4789
2015-11-26,46.17,65.6836
2015-11-27,45.46,66.2393
2015-11-30,44.86,66.737
2015-12-01,44.61,66.2584
2015-12-02,44.44,66.7402
2015-12-03,42.49,67.7691
2015-12-04,43.84,67.6698
2015-12-07,43.0,68.5156
2015-12-08,40.73,69.3026
2015-12-09,40.26,69.2
2015-12-10,40.11,69.2151
2015-12-11,39.73,69.1755
2015-12-14,37.93,70.2244
2015-12-15,37.92,70.8295
2015-12-16,38.45,70.4012
2015-12-17,37.19,70.5806
2015-12-18,37.06,71.3215
2015-12-21,36.88,71.2553
2015-12-22,36.35,71.1211
2015-12-23,36.11,70.9333
2015-12-24,37.36,69.5165
2015-12-28,37.89,70.7865
2015-12-29,36.62,72.5066
2015-12-30,37.79,72.8827
2015-12-31,36.46,72.9299
2016-01-11,37.28,75.9507
2016-01-12,31.55,76.6041
2016-01-13,30.86,76.4275
2016-01-14,30.31,76.523
2016-01-15,31.03,76.565
2016-01-18,28.94,78.6678
2016-01-19,28.55,78.4862
2016-01-20,28.76,79.4614
2016-01-21,27.88,83.5913
2016-01-22,29.25,80.5714
2016-01-25,32.18,77.7965
2016-01-26,30.5,81.8394
2016-01-27,31.8,78.9969
2016-01-28,33.1,77.3674
2016-01-29,33.89,75.1723
2016-02-01,34.74,76.3264
2016-02-02,34.24,77.9273
2016-02-03,32.72,79.2593
2016-02-04,35.04,76.4609
2016-02-05,34.46,77.3409
2016-02-08,34.06,76.8614
2016-02-09,32.88,78.6805
2016-02-10,30.32,79.0689
2016-02-11,30.84,79.1144
2016-02-12,30.06,79.4951
2016-02-15,33.36,77.7792
2016-02-16,33.39,76.245
2016-02-17,32.18,77.8503
2016-02-18,34.5,75.4575
2016-02-19,34.28,76.3657
2016-02-24,33.01,76.3928
2016-02-25,34.41,76.3929
2016-02-26,35.29,75.0903
2016-02-29,35.1,75.8994
2016-03-01,35.97,74.0536
2016-03-02,36.81,73.6256
2016-03-03,36.93,73.8242
2016-03-04,37.07,73.1854
2016-03-09,38.72,72.3775
2016-03-10,41.07,71.0928
2016-03-11,40.05,70.3067
2016-03-14,40.39,70.1542
2016-03-15,39.53,70.5408
2016-03-16,38.74,71.0256
2016-03-17,40.33,68.5598
2016-03-18,41.54,68.4026
2016-03-21,41.2,68.8086
2016-03-22,41.54,67.7764
2016-03-23,41.79,67.6409
2016-03-24,40.47,68.9328
2016-03-28,40.44,67.7807
2016-03-29,40.27,68.7549
2016-03-30,39.14,67.6076
2016-03-31,39.26,67.8552
2016-04-01,39.6,67.141
2016-04-04,38.67,68.6753
2016-04-05,37.69,68.8901
2016-04-06,37.87,68.5215
2016-04-07,39.84,67.796
2016-04-08,39.43,67.4662
2016-04-11,41.94,67.125
2016-04-12,42.83,66.3456
2016-04-13,44.69,65.7662
2016-04-14,44.18,66.4954
2016-04-15,43.84,66.0452
2016-04-18,43.1,68.2724
2016-04-19,42.91,65.6474
2016-04-20,44.03,66.0364
2016-04-21,45.8,65.0254
2016-04-22,44.53,66.2198
2016-04-25,45.11,66.6295
2016-04-26,44.48,66.4559
2016-04-27,45.74,65.1618
2016-04-28,47.18,65.1133
2016-04-29,48.14,64.3334
2016-05-04,48.13,66.1718
2016-05-05,44.62,65.8918
2016-05-06,45.01,66.1928
2016-05-10,45.37,66.3277
2016-05-11,45.52,66.2428
2016-05-12,47.6,64.9607
2016-05-13,48.08,64.9306
2016-05-16,47.83,64.8895
2016-05-17,48.97,64.5138
2016-05-18,49.28,65.0641
2016-05-19,48.93,66.211
2016-05-20,48.81,66.3775
2016-05-23,48.72,67.0475
2016-05-24,48.35,67.0493
2016-05-25,48.61,65.8949
2016-05-26,49.74,65.2062
2016-05-27,49.59,66.0413
2016-05-30,49.32,66.0825
2016-05-31,49.76,65.9962
2016-06-01,49.69,66.6156
2016-06-02,49.72,66.7491
2016-06-03,50.04,66.8529
2016-06-06,49.64,65.7894
2016-06-07,50.55,65.2089
2016-06-08,51.44,64.6797
2016-06-09,52.51,63.7402
2016-06-10,51.95,64.7077
2016-06-14,50.54,66.0306
2016-06-15,49.83,65.9156
2016-06-16,48.97,65.8618
2016-06-17,47.19,65.4398
2016-06-20,49.17,64.1509
2016-06-21,50.65,64.1743
2016-06-22,50.62,63.7162
2016-06-23,49.88,64.3212
2016-06-24,50.91,65.5287
2016-06-27,48.41,65.0588
2016-06-28,47.16,64.8095
2016-06-29,48.58,64.2575
2016-06-30,50.61,64.1755
2016-07-01,49.68,64.0165
2016-07-04,50.35,63.6844
2016-07-05,50.1,64.2676
2016-07-06,47.96,64.6304
2016-07-07,48.8,64.05
2016-07-08,46.4,64.2488
2016-07-11,46.76,64.2024
2016-07-12,46.25,63.9029
2016-07-13,48.47,63.8531
2016-07-14,46.26,63.5773
2016-07-15,47.37,63.1697
2016-07-18,47.61,63.1154
2016-07-19,46.96,62.9891
2016-07-20,46.66,63.4183
2016-07-21,47.17,63.7373
2016-07-22,46.2,64.627
2016-07-25,45.69,64.9184
2016-07-26,44.72,65.7408
2016-07-27,44.87,65.9467
2016-07-28,43.47,66.1125
2016-07-29,42.7,67.0512
2016-08-01,43.53,65.9553
2016-08-02,42.14,66.8816
2016-08-03,41.8,66.742
2016-08-04,43.1,66.3941
2016-08-05,44.29,65.5627
2016-08-08,44.27,65.0799
2016-08-09,45.39,64.7848
2016-08-10,44.98,64.8137
2016-08-11,44.05,64.9497
2016-08-12,46.04,64.3364
2016-08-15,46.97,64.2076
2016-08-16,48.35,63.9514
2016-08-17,49.23,63.9943
2016-08-18,49.85,63.5487
2016-08-19,50.89,63.9391
2016-08-22,50.88,64.2078
2016-08-23,49.16,64.7684
2016-08-24,49.96,64.814
2016-08-25,49.05,64.9459
2016-08-26,49.67,64.738
2016-08-29,49.92,65.081
2016-08-30,49.26,64.9072
2016-08-31,48.37,65.2535
2016-09-01,46.89,65.2566
2016-09-02,45.45,65.8684
2016-09-05,46.83,64.7644
2016-09-06,47.63,64.8306
2016-09-07,47.26,64.3804
2016-09-08,47.98,63.973
2016-09-09,49.99,64.1617
2016-09-12,48.01,65.0539
2016-09-13,48.32,64.8102
2016-09-14,47.1,64.9737
2016-09-15,45.85,65.217
2016-09-16,46.59,64.994
2016-09-19,45.77,64.9173
2016-09-20,45.95,64.7513
2016-09-21,45.88,64.4424
2016-09-22,46.83,63.7942
2016-09-23,47.65,63.8642
2016-09-26,45.89,64.1506
2016-09-27,47.35,63.6921
2016-09-28,45.97,63.9509
2016-09-29,48.69,63.1581
2016-09-30,49.24,63.396
2016-10-03,50.19,62.5477
2016-10-04,50.89,62.4323
2016-10-05,50.87,62.4583
2016-10-06,51.86,62.39
2016-10-07,52.51,62.3031
2016-10-10,51.93,62.3884
2016-10-11,53.14,62.1946
2016-10-12,52.41,62.5892
2016-10-13,51.81,63.3465
2016-10-14,52.03,62.9934
2016-10-17,51.95,63.151
2016-10-18,51.52,62.89
2016-10-19,51.68,62.5841
2016-10-20,52.67,62.4194
2016-10-21,51.38,62.4499
2016-10-24,51.78,62.2349
2016-10-25,51.46,62.048
2016-10-26,50.79,62.2597
2016-10-27,49.98,63.0399
2016-10-28,50.47,62.9037
2016-10-31,49.71,63.2174
2016-11-01,48.61,63.2025
2016-11-02,48.14,63.4166
2016-11-03,46.86,63.5043
2016-11-07,46.35,63.9074
2016-11-08,46.15,63.7364
2016-11-09,46.04,63.8928
2016-11-10,46.36,63.4161
2016-11-11,45.84,65.2167
2016-11-14,44.75,65.8591
2016-11-15,44.43,65.5548
2016-11-16,46.95,64.5463
2016-11-17,46.63,64.9154
2016-11-18,46.49,65.1023
2016-11-21,46.86,64.358
2016-11-22,48.9,63.6282
2016-11-23,49.12,64.0087
2016-11-24,48.95,64.6279
2016-11-25,49.0,64.6174
2016-11-28,47.24,64.9153
2016-11-29,48.24,64.9449
2016-11-30,46.38,65.2382
2016-12-01,51.84,63.6807
2016-12-02,53.94,64.1528
2016-12-05,54.46,63.9242
2016-12-06,54.94,63.8741
2016-12-07,53.93,63.9114
2016-12-08,53.0,63.3901
2016-12-09,53.89,63.3028
2016-12-12,54.33,61.5804
2016-12-13,55.69,61.069
2016-12-14,55.72,60.8079
2016-12-15,53.9,61.6368
2016-12-16,54.02,61.7515
2016-12-19,55.21,61.7931
2016-12-20,54.92,61.7967
2016-12-21,55.35,61.1092
2016-12-22,54.46,60.8641
2016-12-23,55.05,60.8528
2016-12-27,55.16,60.8587
2016-12-28,56.09,60.6669
2016-12-29,56.22,60.273
2016-12-30,56.85,60.6569
2017-01-09,56.82,59.8961
2017-01-10,54.94,59.9533
2017-01-11,53.64,60.1614
2017-01-12,55.1,59.4978
2017-01-13,56.01,59.37
2017-01-16,55.45,59.6067
2017-01-17,55.86,59.4015
2017-01-18,55.47,59.183
2017-01-19,53.92,59.3521
2017-01-20,54.16,59.6697
2017-01-23,55.49,59.5034
2017-01-24,55.23,59.2168
2017-01-25,55.44,59.1489
2017-01-26,55.08,59.6356
2017-01-27,56.24,60.3196
2017-01-30,55.52,60.1618
2017-01-31,55.23,60.0851
2017-02-01,55.58,60.3099
2017-02-02,56.8,59.9858
2017-02-03,56.56,59.3137
2017-02-06,56.81,58.7121
2017-02-07,55.72,59.1933
2017-02-08,55.05,59.5129
2017-02-09,55.12,59.0235
2017-02-10,55.63,58.8457
2017-02-13,56.7,58.0619
2017-02-14,55.59,57.7388
2017-02-15,55.97,56.7719
2017-02-16,55.75,57.1507
2017-02-17,55.65,57.6342
2017-02-20,55.81,58.0967
2017-02-21,56.18,57.859
2017-02-22,56.66,57.4762
2017-02-27,55.84,57.9371
2017-02-28,55.93,57.9627
2017-03-01,56.51,58.3776
2017-03-02,56.36,58.4067
2017-03-03,55.08,58.9099
2017-03-06,55.9,58.337
2017-03-07,56.01,58.263
2017-03-09,55.92,58.8318
2017-03-10,52.19,59.2174
2017-03-13,51.37,59.1327
2017-03-14,51.35,58.954
2017-03-15,50.92,59.1128
2017-03-16,51.81,58.2437
2017-03-17,51.74,57.9344
2017-03-20,51.76,57.2847
2017-03-21,51.62,57.2323
2017-03-22,50.96,57.636
2017-03-23,50.64,57.5228
2017-03-24,50.56,57.4247
2017-03-27,50.8,57.0233
2017-03-28,50.75,56.9364
